term,replacement
udah,sudah
main,main
ml,mlbb
tpi,tapi
kecewa,kecewa
kli,kali
jaring,jaring
hilang,hilang
hp,hp
bgus,bagus
pas,pas
kayak,kayak
ngeleg,lag
nya,nya
hyper,hyper
jdi,jadi
farming,farming
lh,lah
perbaiki,baik
dark,dark
sistem,sistem
lose,lose
strek,streak
makasih,makasih
kak,kak
admin,admin
yg,yang
hati,hati
sombong,sombong
semenjak,sejak
update,update
penguna,pengguna
ram,ram
gb,gb
masuk,masuk
game,game
sampe,sampai
tulis,tulis
moonton,moonton
mobile,mobile
legend,legend
doang,doang
bolak,bolak
gk,tidak
menunya,menu
udh,sudah
kalo,kalo
otakny,otak
pinter,pinter
tau,tau
keluhkan,keluh
trimakasih,makasih
tunggu,tunggu
kabar,kabar
baikny,baik
mlbb,mlbb
bikin,bikin
emosi,emosi
jasingan,jaringan
ping,ping
banget,banget
lag,lag
youtube,youtube
sosial,sosial
media,media
lancar,lancar
login,login
lage,lag
aja,aja
delay,delay
boro,boro
dimainin,main
kualitas,kualitas
buruk,buruk
ngefreez,freeze
gerak,gerak
benerin,benar
afk,afk
kali,kali
gara²,gara
report,report
teman,teman
jujur,jujur
karna,karena
sekecewa,kecewa
harap,harap
kembang,kembang
pindah,pindah
sebelah,belah
iya,iya
gampang,gampang
hok,hok
sih,sih
lagendaris,lagend
awet,awet
tahunwalau,tahun
bug,bug
developernya,developer
rajin,rajin
memperbaikisemoga,perbaiki
gamenya,game
ringan,ringan
korban,korban
kentangsemakin,kentang
berat,berat
force,force
close,close
macet,macet
gak,tidak
bida,bisa
geraktau,gerak
hpnya,hp
ngerestart,restart
ga,tidak
ngotak,otak
download,download
satuin,satu
sma,sama
cape,capek
gw,saya
level,level
tp,tapi
musuh,musuh
gg,gg
emang,memang
burik,burik
gila,gila
kasih,kasih
tim,tim
mvp,mvp
mendali,kendali
gold,gold
tetep,tetap
kalah,kalah
menag,menang
rank,rank
mantep,mantap
setingan,setting
kek,kayak
slot,slot
gm,game
bener,bener
bang,banget
gabungin,gabung
gara,gara
bagus,bagus
kesini,sini
setres,stres
khusus,khusus
moontonmasa,moonton
push,push
dpt,dapat
bot,bot
gmna,gimana
si,si
tolol,tolol
begokalo,bego
ngasih,kasih
lawan,lawan
tuh,tuh
setara,setara
paham,paham
sicapek,capek
hasil,hasil
pusat,pusat
meta,meta
legends,legend
strategi,strategi
metode,metode
menang,menang
tanding,tanding
berubahubah,ubah
seiring,iring
rilis,rilis
hero,hero
ubah,ubah
skill,skill
itemitem,item
tersedia,sedia
pilih,pilih
favorit,favorit
profesional,profesional
aplikasi,apk
tapiiii,tapi
masak,masak
dikasih,kasih
jago,jago
gilir,gilir
temen,temen
bott,bot
mn,mana
ank,anak
lhh,lah
klu,kalau
gini,gini
gem,game
drak,dark
muluuuuui,melu
smoga,semoga
kritik,kritik
trima,terima
diperbaiki,baik
gamenyaaaaaa,game
gua,saya
sumpahin,sumpah
allah,allah
bangkrut,bangkrut
rugi,rugi
ngegendong,gendong
beban,beban
maksud,maksud
lu,lu
mood,mood
gue,gue
sampein,sampai
yah,yah
orang,orang
suka,suka
ngingetin,inget
kegame,game
aj,aja
ngelag,lag
padhl,padahal
ak,aku
kaya,kaya
klo,kalau
ngga,tidak
lihat,lihat
lagg,lag
parah,parah
nga,tidak
season,season
parahhhhhhhhhhhhhhh,parah
solo,solo
kumpulin,kumpul
ajaaaaaa,aja
not,not
so,so
recommended,rekomen
egois,egois
blunder,blunder
saranin,saran
stress,stres
ngaruh,ngaruh
henti,henti
sinyal,sinyal
menurutku,turut
stabilin,stabil
lagisinyal,sinyal
msa,masak
merahpadahal,merah
cek,cek
dlu,dulu
atur,atur
yh,yah
hijau,hijau
ampas,ampas
disarankan,saran
mudah,mudah
marah,marah
tebar,tebar
gratis,gratis
skin,skin
bayar,bayar
mah,mah
normal,normal
brawl,brawl
losetreak,losestreak
coba,coba
hapus,hapus
anjng,anjing
mls,malas
treak,teriak
mulu,mulu
bohong,bohong
menit,menit
kelar,kelar
mh,mah
isi,isi
bochil,bocah
terbit,terbit
orng,orang
males,malas
alah,alah
minimal,minimal
durasi,durasi
lamain,lama
tdi,tadi
pick,pick
natalia,natalia
johnson,johnson
milih,pilih
bingung,bingung
sempet,sempet
belajar,ajar
gamauin,tidak
otomatis,otomatis
habis,habis
player,player
detik,detik
biar,biar
mondar,mondar
mandir,mandir
kepencet,pencet
gamau,tidak
saran,saran
semoga,semoga
kedepannya,depan
lbi,lebih
dapet,dapet
system,sistem
nama,nama
bego,bodoh
loby,lobi
contoh,contoh
kesel,kesel
losstreek,losestreek
sok,sok
nyata,nyata
ngetroll,troll
gajelas,gajelas
bayangin,bayang
iv,iv
turun,turun
epik,epic
iii,iii
masalh,masalah
insha,insha
alloh,alloh
ngimbangin,imbang
syarat,syarat
lobi,lobi
maaf,maaf
bintannya,bintang
krn,karena
sambung,sambung
server,server
mohon,mohon
da,dah
bintang,bintang
mobi,mobile
kikir,kikir
serakah,serakah
loss,lose
streak,streak
jarang,jarang
kuat,kuat
muntun,moonton
seimbangkan,imbang
gameplay,gameplay
event,event
gabisa,gabisa
jalan,jalan
diawal,awal
ijo,hijau
plis,plis
paketdata,data
gimana,gimana
bg,bang
digratisin,gratis
hadeh,hadeh
lgi,lagi
jls,jelas
bgt,banget
epic,epic
ni,nih
belom,belum
selesai,selesai
adil,adil
ex,ex
glory,glory
mawi,romawi
capek,capek
bet,banget
asli,asli
ngerank,rank
classic,klasik
rissing,rissing
yahh,yah
maen,main
mental,mental
sabar,sabar
updatean,update
bgttt,banget
sihh,sih
kurangin,kurang
nyaa,nya
nyerang,serang
lawanehgabisa,lawan
gerakin,gerak
karakter,karakter
akutrus,aku
nembak,nembak
bagustruss,bagus
tolongjangan,tolong
in,ini
heronyamasa,hero
macet²,macet
stabil,stabil
sampek,sampai
kedepanya,depan
redmi,redmi
support,support
hz,hz
bukak,buka
settingan,setting
refresrate,refresh
super,super
untuknya,untuk
min,admin
seimbang,imbang
puluhan,puluh
nge,nge
stack,stuck
itupun,itu
susah,susah
mythic,mythic
trus,terus
naikin,naik
bagus²,bagus
patah²,patah
gitu,gitu
dikit,dikit
minn,admin
udahh,sudah
koo,kok
jelek,jelek
wifi,wifi
sumpah,sumpah
dikasi,kasih
stres,stres
kasihan,kasih
monton,moonton
otak,otak
dipakek,pakai
revamp,revamp
granger,granger
appstore,appstore
siang,siang
handphone,hp
asa,asa
panas,panas
matchmaking,match
pro,pro
angin,angin
afkfeedtoxic,afk
pensiun,pensiun
mobil,mobil
kasi,kasih
kawan,kawan
komputer,komputer
nyaaku,nya
serius,serius
ngasi,kasih
malas,malas
hapasaja,hapus
wr,war
match,match
an,an
mvpemas,mvp
medal,medal
obsesi,obsesi
liat,liat
komentar,komentar
cari,cari
kerja,kerja
manfaat,manfaat
buang,buang
draft,draft
abng²,abang
gendong,gendong
grandmastermaster,grandmaster
kadang,kadang
ngepick,pick
layla,layla
exp,exp
hanabi,hanabi
jungler,jungler
franco,franco
narik,tarik
tigreal,real
rotasi,rotasi
haduh,haduh
analog,analog
ama,sama
sinyaltrus,sinyal
clasik,klasik
aneh,aneh
kaligw,kali
sampah,sampah
nih,nih
mu,kamu
buta,buta
map,map
ngetrol,troll
dn,dan
keluarga,keluarga
mainin,main
ficter,fighter
mage,mage
supotr,support
markman,markman
tank,tank
assassin,assasin
pokok,pokok
top,top
diamond,diamond
kasik,klasik
derad,dad
global,global
aduh,aduh
terimakasih,makasih
seru,seru
mundur,mundur
kena,kena
kill,kill
kesell,kesel
tu,itu
merah,merah
point,point
bodoh,bodoh
anjir,anjir
pake,pake
hpwifi,hp
simpan,simpan
muat,muat
adu,adu
setting,setting
kocakk,kocak
sportif,sportif
cobain,coba
joki,joki
ber,ber
ketemu,ketemu
duo,duo
trio,trio
fitur,fitur
black,black
list,list
dingin,dingin
sekian,sekian
dengar,dengar
keluh,keluh
kesahnya,kesah
enak,enak
trimakasi,makasih
montoon,moonton
muak,muak
kendala,kendala
end,dan
sengaja,sengaja
ngeluh,keluh
barusan,baru
war,war
tekan,tekan
pingnya,ping
mati,mati
langsung,langsung
lobby,lobi
apasih,apa
aelahhh,aelah
anehjaringan,aneh
lahkepental,mental
lahmaunya,mau
keluarkalo,keluar
nyari,cari
hubung,hubung
ulang,ulang
anehhhgak,aneh
recommend,rekomen
fix,fix
sieh,sih
grafik,grafik
btw,btw
ganteng,ganteng
loh,loh
yuk,yuk
buru,keburu
fiturfitur,fitur
tarik,tarik
banyaknya,banyak
perbanyak,banyak
win,win
rusak,rusak
team,tim
sepadan,padan
play,play
store,store
tua,tua
yth,yth
nyaman,nyaman
gabung,gabung
imbang,imbang
rate,rate
terminus,minus
laku,laku
feed,feed
disengaja,sengaja
seimbangmemakai,imbang
role,role
teratur,atur
komplit,complete
permain,main
nenangin,tenang
pikir,pikir
nambah,nambah
ster,streak
kocak,kocak
awaldi,awal
lobyy,lobi
aman,aman
ms,masih
ntah,entah
knp,kenapa
capai,capai
salah,salah
bantu,bantu
statistik,statistik
akunya,aku
im,im
the,the
best,best
perhatikan,perhatikan
lg,lagi
ny,nya
tanggal,tanggal
desember,desember
uninstall,uninstall
badutbadut,badut
lo,loh
sesui,sesuai
apalah,apa
error,error
pliss,plis
kyk,kayak
ngefrezze,freeze
ngefrezee,freeze
dah,dah
montage,montage
ngfrezze,freeze
kacau,kacau
spek,spesifikasi
lumayan,lumayan
device,device
patah,patah
merugikan,rugi
karenakan,karena
ganggu,ganggu
akibat,akibat
afkpengurangan,afk
kuota,kuota
full,full
nonstop,nonstop
epick,epic
timku,tim
sesal,kesal
kompak,kompak
usaha,usaha
juang,juang
padahalnsinyal,padahal
membuangbuang,buang
harga,harga
strees,stres
developer,developer
tinggal,tinggal
biarin,biarin
nyoba,coba
computer,komputer
mnit,menit
ngaco,kacau
busuk,burik
tibaw,tiba
buka,buka
live,live
streaming,streaming
buffer,buff
beli,beli
sayang,sayang
matching,match
terima,terima
bahagia,bahagia
belasan,belas
honor,honor
bentar,bentar
sekrng,sekarang
kemarin,kemarin
ngfreeze,freeze
ngefreeze,freeze
layar,layar
anj,anjing
kuatt,kuat
bangke,bangkai
gilaaa,gila
timm,tim
napaa,kenapa
tuhh,tuh
pke,pakai
cheat,cheat
matchmakingnya,matchmaking
dicapai,capai
murni,murni
temu,temu
mantan,mantan
ranknya,rank
jebak,jebak
dibawahnya,bawah
frustasi,frustasi
kesal,kesal
sinyalku,sinyal
tiba²,tiba
ku,aku
reset,reset
sulit,sulit
knk,kena
trs,terus
terkadang,kadang
trkadang,kadang
terllu,terlalu
gtu,gitu
enk,enak
syg,sayang
skrg,sekarang
up,up
unduh,unduh
slalu,selalu
penuh,penuh
mendadak,dadak
ngilang,hilang
ngawur,ngawur
lamamain,lama
party,party
jumpa,jumpa
penjokidurasi,joki
bintangkarna,bintang
bosan,bosan
putus,putus
unistall,uninstall
sampahh,sampah
alhamdulillah,alhamdulillah
lepas,lepas
aktivitas,aktivitas
rebahan,rebah
sial,sial
jenuh,jenuh
asyik,asik
santai,santai
playernya,player
ramah,ramah
cocok,cocok
lelah,lelah
penat,penat
pelit,pelit
patch,match
sorry,maaf
ter,ter
gantung,gantung
darksistem,darksistem
mantap,mantap
darah,darah
bagusenak,bagus
temantapi,teman
masalahnyatolonglah,masalah
diseimbanginsaya,seimbang
kemyticehhhh,mythic
kalisaya,kali
kokitu,kok
sayamaaf,saya
tersinggungthank,singgung
you,kamu
keren,keren
bbrapa,berapa
contohnya,contoh
bb,bb
asik,asik
woy,woy
pantesan,pantas
masukin,masuk
asia,asia
mending,mending
bagusdari,bagus
star,start
updatetan,update
maju,maju
diarahinskil,arah
kemudianbeli,kemudian
item,item
teken,tekan
momen,momen
kocakmales,kocak
anjay,anjay
niat,niat
greget,greget
am,am
astaghfirullah,astaghfirullah
magic,magic
chess,chees
sinergi,sinergi
naturkangkung,kangkung
bab,bab
kondisikan,kondisi
resah,resah
ngusahain,usaha
keburu,keburu
kangkung,kangkung
vantek,pantek
comender,comender
abe,abe
mata,mata
ngantuk,ngantuk
bnget,banget
pengen,pingin
have,have
fun,fun
seneng,seneng
ngeyel,ngeyel
mlh,milih
hidup,hidup
toxic,toxic
bersosialisasi,sosial
bener²,bener
machk,match
making,making
ngabisin,habis
duit,duit
ranked,rank
troll,troll
komposisi,komposisi
vs,vs
loding,loading
screen,screen
paksa,paksa
menitan,menit
posisi,posisi
winning,win
rela,rela
cacat,cacat
lngsung,langsung
internet,internet
lncr,lancar
dipke,pakai
tolonglah,tolong
moba,mlbb
milik,milik
jiwa,jiwa
ala,ala
turnamen,turnamen
nikmat,nikmat
pusing,pusing
mikirin,pikir
pool,pool
sesuai,sesuai
jeda,jeda
kompetitif,kompetitif
fight,fight
repot,repot
berfikir,pikir
keras,keras
makan,makan
data,data
baktre,baterai
free,free
fire,fire
pub,pub
serugame,seru
rakus,rakus
miskin,miskin
klau,kalau
srng,serang
dlm,dalam
lenjend,legend
rating,rate
rendah,rendah
lainsaya,lain
akun,akun
riset,reset
sia,sia
kait,kait
platform,platform
guest,guest
why,why
ls,ls
×,x
dasar,dasar
mikir,pikir
ath,atas
tong,tong
sagawayah,saga
ajah,aja
takdirkan,takdir
tibtiba,tiba
stuck,stuck
bagusdan,bagus
mainya,main
bnr,benar
adili,adil
bbrpa,berapa
bln,bulan
gx,tidak
naekngendog,naik
efic,epic
tingal,tinggal
legen,legend
trun,turun
msuh,musuh
sbalik,balik
jg,juga
bntang,bintang
jengkel,kesal
jaya,jaya
nonton,nonton
ganti,ganti
taiktiap,tiap
sistemplayer,sistem
trollmasa,troll
samapai,sampai
bermainini,main
lagiini,lagi
koperatif,koperatif
lagigame,lagi
apanya,apa
giniini,gini
hancur,hancur
berkalikali,kali
annoying,annoying
rekomen,rekomen
loyo,loyo
perbaikisaat,baik
truss,terus
lancar²,lancar
jaringannyakenapa,jaringan
ngelek,lag
mainjadi,main
perbaikidan,baik
pangkatnyagame,pangkat
terusaan,terus
updated,update
revam,revamp
hiro,hero
selagala,segala
macem,macam
bergunaaa,guna
anyingg,anjir
abai,abai
heran,heran
anjinggg,anjing
hei,hai
maksa,maksa
cepat,cepat
hewan,hewan
akal,akal
dengarin,dengar
suara,suara
playermu,player
oktapi,tapi
kayaknya,kayak
halaman,halaman
restart,restart
bangetbug,bug
mode,mode
tibatiba,tiba
pengalaman,alam
sgt,sangat
even,event
tingkat,tingkat
ko,kok
gerakannyaapalagi,gerak
warjadi,war
trlalu,terlalu
aman²,aman
sekarang²,sekarang
loading,loading
woi,woi
dibenerin,benar
abad,abad
wkwkwk,wkwk
wkwkwkw,wkwk
kartu,kartu
paket,paket
pakai,pakai
eh,eh
boot,bot
maksutnya,maksud
beneran,benar
bangzat,bangsat
emg,memang
manipulasi,manipulasi
awas,awas
kualat,kualat
uninstal,uninstall
rame,rame
ksni,sini
bangkrutt,bangkrut
mndingan,mending
anjj,anjing
yng,yang
losetrek,losestreak
smpai,sampai
hibur,hibur
hrus,harus
land,land
off,off
down,down
lostreak,losestreak
bnyak,banyak
dri,dari
winstreak,winstreak
woee,woy
lahini,lah
pesan,pesan
sdikitcapek,capek
lasih,lagi
sistemmenang,sistem
tolongcapek,tolong
ngestuck,stuck
tier,tier
mulucuma,mulu
sistemdt,sistem
geme,game
su,su
systempasti,sistem
bot²amat,bot
sisa,sisa
segede,besar
perbaikin,perbaiki
nambahin,nambah
bye,bye
bejibun,bejibun
ta,ta
reting,rate
gada,gaada
jawajabar,jawa
yakali,kali
njirrr,anjir
teruss,terus
ngelagngalag,lag
on,on
hyp,hype
nyusahin,susah
oranglamalama,orang
capekmain,capek
nangis,nangis
kya,kayak
slomo,slowmo
ngak,tidak
geraka,gerak
anng,yang
ngecewain,kecewa
senang,senang
kerelog,relogin
kmi,kami
relog,relogin
ilang,hilang
ambil,sambil
jgn,jangan
dgn,dengan
optimal,optimal
signifikan,signifikan
serang,serang
buf,buff
turet,turet
padah,padah
frez,freeze
perihal,hal
matckhing,match
lebur,lebur
menganggu,ganggu
ngilangin,hilang
arti,arti
all,all
sdh,sudah
ancurmain,hancur
terussaran,terus
yjgn,jangan
perbolehkan,boleh
idjadi,jadi
id,id
kepakai,pakai
rankjadi,rank
siatemklw,sistem
ancur,hancur
leagend,legend
inisaran,saran
yalebih,lebih
seharus,harus
skor,skor
kredit,kredit
dinaikan,naik
xhari,hari
hambat,hambat
berpastisipan,partisipasi
telalu,terlalu
lebay,lebay
history,history
sanksi,sanksi
takut,takut
move,move
tetangga,tetangga
freeze,freeze
skrng,sekarang
bgini,gini
ujung,ujung
nonaktif,nonaktif
apk,apk
muncul,muncul
offline,offline
yaa,ya
ilangpas,hilang
gitusetelah,gitu
minion,minion
draf,draft
disetiap,tiap
damage,damage
rendahkan,rendah
bergadang,gadang
bintak,minta
senag,senang
efek,efek
cooldwon,cooldown
miya,miya
bentuk,bentuk
yin,yin
utama,utama
cmn,cuma
sampaikantolong,sampai
deh,deh
lpa,lupa
bkn,bukan
jump²,jump
sendiritiap,sendiri
sistemsama,sistem
dibelakangnya,belakang
satunya,satu
ingame,game
cap,cap
komplain,complain
pertimbangkan,timbang
temui,ketemu
sedia,sedia
catat,catat
battlefield,battlefield
lapor,lapor
terbutuk,buruk
petnah,fitnah
maininsaya,main
tindak,tindak
lanjuti,lanjut
timsistem,tim
bicara,bicara
kaga,tidak
mlnya,mlbb
patahpataheh,patah
taunya,tau
kauta,kata
tiktok,tiktok
baca,baca
revisi,revisi
matur,matur
suwun,suwun
engga,tidak
ngerti,ngerti
epiciii,epic
satupun,satu
ky,kayak
jelasiiiinnn,jelas
happy,happy
obat,obat
anjjjj,anjing
auto,auto
unist℅,uninstall
script,script
drone,drone
view,view
luas,luas
hack,hack
lagipula,lagi
lebar,lebar
lepasin,lepas
bnyk,banyak
pensi,pensi
scriptnya,script
sya,saya
memumpuni,mampu
oke,oke
garis,garis
bawahi,bawah
kasian,kasih
napa,kenapa
cary²,carry
pala,pala
bayang,bayang
emas,emas
coklat,coklat
hokff,hok
internal,internal
gblk,goblok
user,user
genah,guna
rolenya,role
dominan,dominan
feeder,feed
boros,boros
daya,daya
baterai,baterai
ponsel,ponsel
latency,latency
ijosinyal,sinyal
baguswifi,bagus
bagi²,bagi
utk,untuk
heronyaklo,hero
gord,gord
kurangilahmasa,kurang
gordaneh,gord
inti,inti
candu,candu
algoritma,algoritma
diterapin,terap
disaat,saat
bilang,bilang
mabar,mabar
luang,luang
soloterlalu,solo
op,op
jelasmakin,jelas
nyakalah,kalah
mekanik,mekanik
wajarlah,wajar
afkada,afk
nyabikin,bikin
banting,banting
hpyg,hp
gondoktolong,tolong
segi,segi
sangking,sangking
mersa,merasa
blokir,blokir
mobilelegend,mlbb
izin,izin
ikhlas,ikhlas
mendownload,download
inipantes,pantas
pakek,pakai
cheet,cheat
chett,cheat
digabungin,gabung
chet,cheat
anjirgua,anjir
doain,doa
kantor,kantor
burukpadahal,buruk
sesuairasanya,sesuai
grandmaster,grandmaster
mythicdan,mythic
datapadahal,data
mendownloadnyaini,download
memori,memori
rajalela,rajalela
adaselesai,ada
verifikasi,verifikasi
video,video
bugpemakaian,bug
trm,terima
ksh,kasih
bgs,bagus
gaenak,gaenak
sus,sus
ygy,guys
cuman,cuma
lost,lost
ngk,tidak
ngomongin,ngomong
poke,pakai
gatau,gatau
mytic,mythic
kluar,keluar
matiin,mati
kouta,kouta
clasic,klasik
pencet,pencet
logo,logo
deket,deket
kanan,kanan
easy,easy
digerakin,gerak
matcmaking,matchmaking
suruh,suruh
kagak,tidak
populer,populer
ff,ff
plagiat,plagiat
baek,baik
bukti,bukti
yt,youtube
riviewe,riview
tantang,tantang
ajar,ajar
kontrol,kontrol
kendali,kendali
tubuh,tubuh
tetaoi,tapi
tombol,tombol
mundurkan,mundur
replay,replay
fungsi,fungsi
gambar,gambar
systemnya,sistem
kapitalis,kapitalis
jokinya,joki
sehat,sehat
hbs,habis
bagusudh,bagus
beres,beres
player²,player
katagori,kategori
masi,masih
tahap,tahap
rendahpertanyaan,rendah
metik,mythic
honorglory,honor
mooton,moonton
tolongg,tolong
banned,ban
orangsebab,orang
bgtapalagi,banget
bocilbocil,bocil
ngejokiin,joki
hahaha,haha
imo,opini
hahahha,haha
nyatapi,tapi
inilogin,login
ajakalo,aja
downlod,download
komen,komen
grafis,grafik
lingkung,lingkung
hadeuhh,hadeh
tim²an,tim
kesemula,semula
menu,menu
kiri,kiri
tutup,tutup
kamera,kamera
tik,tik
roll,role
jelekbanyak,jelek
nyasering,sering
mulumain,mulu
cas,cas
hoki,hoki
evet,event
jelekbagus,jelek
njng,anjing
mengasikan,kasih
univers,universe
hi,hi
develop,developer
gasi,gasi
ratuu,ratu
sgmaaa,sigma
krptoo,kripto
singkat,singkat
uda,udah
bangett,banget
smw,semua
anomali,anomali
liar,liar
ws,winstreak
dwng,dong
salan,salah
teryata,ternyata
mw,mau
makasi,makasih
mahal,mahal
donwload,download
of,of
king,king
dunia,dunia
halo,halo
mathmaching,matchmaking
brawluntuk,brawl
inikemenangan,menang
kompeten,kompeten
dev,dev
ahli,ahli
mengecek,cek
inin,ini
direport,report
mereport,report
energi,energi
emosional,emosi
seminggu,minggu
percaya,percaya
ngepush,push
ampe,sampai
subuh,subuh
tabrak,tabrak
matchmakhing,matchmaking
ngalah,kalah
trol,troll
msh,masih
kpn,kapan
urus,urus
ulas,ulas
menjatuh,jatuh
adillah,adil
time,time
udaa,udah
bela,bela
belain,bela
gadang,gadang
malem,malem
pagi,pagi
gaa,tidak
melaporkanmemberikan,lapor
beda,beda
hormat,hormat
komunitas,komunitas
gimna,gimana
gilamulai,gila
hatibukan,hati
skil,skill
nyamulai,mulai
laneskil,lane
dimilikipartian,milik
rasisdam,rasis
lagigak,lagi
ad,ada
sistembukan,sistem
kuras,kuras
bro,bro
sabar²,sabar
streaknya,streak
terus²an,terus
lahh,lah
teamnya,tim
parahhhh,parah
waras,waras
lagikalo,lagi
papa,papa
batas,batas
kewajaranyang,wajar
alami,alami
sayatolong,saya
lahuntuk,untuk
fps,fps
gameplaynya,gameplay
gane,game
ngebuat,buat
my,my
derita,derita
kau,kamu
sesoan,sok
cepet,cepet
lemah,lemah
curang,curang
bodo,bodo
ngetrool,troll
benci,benci
mengecewah,kecewa
resource,resource
resourcenya,resource
udahlah,sudah
pulak,pula
haduehhh,hadeh
seringsering,sering
herohero,hero
lamalama,lama
tagih,tagih
room,room
wangirw,wangi
sajakalau,saja
telinga,telinga
tulinya,tuli
sinyalpadahal,sinyal
ruang,ruang
dinikmati,nikmat
oranggk,orang
mampudan,mampu
pengaturanudh,aturan
version,version
menglami,alami
berkecapatan,cepat
sekedar,sekedar
teliti,teliti
fragmen,fragmen
levelnya,level
fullharusnya,full
koin,koin
dibatasi,batas
heronya,hero
murah,murah
dongwlod,download
word,word
it,it
trik,trik
bosen,bosen
band,ban
turunin,turun
tuju,tuju
orong,orang
bawa,bawa
blog,blog
roger,roger
cpt,cepat
tebel,tebel
demeg,deg
kings,king
mapnya,map
disitu,situ
signal,signal
kuning,kuning
bisnis,bisnis
ratingnya,rate
ppk,ppk
mmk,mmk
kntl,kntl
jmbdevent,dev
belakangangua,belakang
nihtiba,tiba
sendiripas,sendiri
farm,farm
jalansinyal,sinyal
ilangpadahal,hilang
test,test
paketan,paket
nyaml,mlbb
jmbd,jmbd
butt,buff
penjoki,joki
jam,jam
ea,ea
batu,batu
badmood,badmood
mcl,mc
silver,silver
final,final
sndiri,sendiri
smua,semua
betah,betah
tarung,tarung
buktinyacapek,bukti
darksystem,darksistem
dihilanginkatanya,hilang
buktiny,bukti
wsnya,winstreak
bos,bos
bbrp,berapa
mitik,mythic
daritadi,dari
plislah,plis
maksih,makasih
atasi,atas
tenang,tenang
oya,ya
amanan,aman
no,no
mentingin,penting
colab,collab
butuh,butuh
macthking,matchmaking
rebut,rebut
lane,lane
losstereak,losestreak
solusi,solusi
ditim,tim
tempur,tempur
intens,intens
unik,unik
cipta,cipta
taktik,taktik
intuitif,intuitif
pukau,pukau
perangkat,perangkat
rutin,rutin
jaga,jaga
esports,esports
fenomena,fenomena
pikat,pikat
penjuru,penjuru
smg,semoga
mkn,makin
stay,stay
mid,mid
gaikut,gaikut
mm,mlbb
setaik,tai
salam,salam
ajg,anjing
nurun,nurun
drastis,drastis
renk,rank
payah²,payah
la,la
ngadepin,hadap
puas,puas
tapisering,tapi
gagal,gagal
profil,profil
hbis,habis
warna,warna
macth,match
ktmu,ketemu
saber,sabar
roaming,roam
slh,salah
turret,turet
moomtod,moonton
trhormat,hormat
tetkait,kait
perbaikiterkadang,perbaiki
jgan,jangan
klw,kalau
jringan,jaringan
line,line
romjnglemidmaskmanfahtre,roam
plyer,player
tiem,tim
hlangkain,hilang
aidan,aidan
chiter,cheater
ditingkatkan,tingkat
digua,saya
ditemani,teman
seson,season
hancurrr,hancur
parahh,parah
busukkkk,busuk
moontod,moonton
monoton,monoton
becus,becus
imortal,imortal
peringkat,peringkat
inget,ingat
dek,dek
master,master
warior,warrior
pus,push
pubg,pubg
tdk,tidak
begus,becus
trick,trik
minggu,minggu
rabu,rabu
bacot,bacot
adasistem,sistem
keliatanketara,lihat
sistembanyak,sistem
streakpermainan,streak
akalgame,game
anak,anak
umur,umur
baguss,bagus
gampangin,gampang
sihtolong,tolong
bagusin,bagus
colektor,kolektor
anehbanyak,aneh
streakjadi,streak
permudlah,mudah
berita,berita
kasar,kasar
cumantolonglah,cuma
sekalimenang,sekali
berkali,kali
doank,doang
nyakita,kita
jajan,jajan
gametaunya,game
siasia,sia
promo,promo
dm,dm
misi,misi
pemberitahuan,berita
invalid,invalid
lumaya,lumayan
bugnya,bug
connec,connect
dipake,dipake
lemebek,lembek
lnny,lain
uang,uang
peti,peti
dapay,dapat
triall,trial
card,card
mtiych,mythic
draksistem,darksistem
setidak,tidak
selevel,level
steara,setara
lostrik,losestreak
truskalau,kalau
dibenahi,benah
serah,serah
degar,dengar
silakan,silahkan
kalok,kalau
patahlag,patah
drop,drop
total,total
begadang,gadang
ujungujungnya,ujung
harihari,hari
garagara,gara
roam,roam
ketidak,tidak
setuju,setuju
rumput,rumput
ayolah,ayo
perbagus,bagus
gtu²,gitu
kalaumau,kalau
melulu,melu
defeeat,defeat
salama,salama
lawa,lawan
lahrank,rank
mytik,mythic
immortal,immortal
logika,logika
sadis,sadis
kumpul,kumpul
rangked,rank
kemenagan,menang
nob,noob
koneksi,koneksi
give,give
gt,gitu
dl,dulu
sepele,sepele
dengerin,dengar
keluhanya,keluh
dajjal,dajjal
laknat,laknat
kafir,kafir
matchnya,match
tungguin,tunggu
botbukan,bot
org,orang
maksudasli,maksud
legendudah,legend
like,like
charisma,charisma
gaje,gajelas
harepan,harapan
monnton,moonton
feder,feed
langgar,langgar
pebaiki,baik
kelas,kelas
email,email
semulaemail,mula
nmr,nomor
dlltetapi,tetap
aktif,aktif
kode,kode
sayasaya,saya
bagustapi,bagus
ribuan,ribu
ratusan,ratus
pokonya,pokok
bisakan,bisa
hukum,hukum
setimpal,timpal
insyarat,isyarat
reportnya,report
ngomong,ngomong
ngetik,ketik
ngereport,report
ngefeed,feed
respon,respon
perbaikilah,baik
dagang,dagang
dululah,dulu
buruh,buruk
maytik,mythic
strike,streak
akhir²,akhir
jumping,jumping
fixing,fix
layak,layak
dimain,main
random,random
begituan,gitu
cheater,cheater
ditiap,tiap
spt,seperti
duluseolah,dulu
permainanketika,main
username,username
rapi,rapi
namanyafix,fix
beruntun,runtun
sll,selalu
feedmoonton,feed
ngacak,acak
soloketemu,solo
trollgw,troll
seharian,hari
solodan,solo
kapok,kapok
gamer,game
kenceng,kenceng
jd,jadi
baharu,baru
seolaholah,seolah
matimatian,mati
naikan,naik
ban,ban
disana,sana
jelekgame,jelek
iblisssss,iblis
munton,moonton
macthmakingnya,macthmaking
opsi,opsi
pengaruh,pengaruh
sembarang,sembarang
sangsi,sanksi
dimengerti,ngerti
loos,lose
trek,streak
anjg,anjing
lol,lol
new,new
asu,asu
los,los
selanjut,lanjut
kontollllllll,kontol
asuuu,asu
asuuuu,asu
asuuuuuuuuuuuuuuuuuuuu,asu
nd,nd
diml,mlbb
biarpun,biar
hadeuh,hadeh
selamanyakalo,selamanya
rubah,rubah
wish,wish
questquest,quest
emblem,emblem
sekalidan,sekali
emblememblem,emblem
tuhan,tuhan
kgk,tidak
mengoptimalisasi,optimal
ukur,ukur
sm,sama
pdhl,padahal
smuah,semua
zhuxin,zhuxin
tapinya,tapi
kacuali,kecuali
botnya,bot
dikalahin,kalah
tes,tes
standar,standar
mpl,mpl
lvl,level
partyan,party
minat,minat
mangkannya,makanya
protesada,protes
umpama,umpama
nihh,nih
lokal,lokal
kelompok,kelompok
req,request
logis,logis
rrq,rrq
selalau,selalu
gpp,gpp
kuasa,kuasa
banyakin,banyak
ah,ah
babi,babi
mendingan,mending
ulah,ulang
jan,jangan
mmr,mmr
elit,elit
skin²,skin
dikatain,kata
nyuruh,suruh
berkat,berkat
ditugaskan,tugas
kandung,kandung
scam,scam
kebawah,bawah
ilangin,hilang
tembus,tembus
tembok,tembok
gausah,gausah
tba,tiba
keulang,ulang
unlimitedbergantian,unlimited
hahah,haha
gam,game
menganbil,ambil
performa,perform
untk,untuk
memeng,memang
aga,agak
knpa,kenapa
akhirini,akhir
internetan,internet
lainya,lain
lancarudah,lancar
sihkarna,karena
ajmoonton,moonton
yaadi,jadi
muluu,mulu
dongmasa,dong
suu,asu
tampil,tampil
hadiah,hadiah
menguntungkan,untung
sonic,sonic
aditya,aditya
remeh,remeh
keseringan,sering
nabrak,nabrak
roleketemu,role
costom,costom
pouse,pouse
oknum,oknum
nyamanan,nyaman
sangka,sangka
penalti,penalti
lembekrugi,lembek
mertahanin,tahan
laghanya,lag
untung,untung
disayangkanbanyak,sayang
direspon,respon
maunya,mau
pantes,pantas
bubar,bubar
pertemukan,temu
bajak,bajak
tipu,tipu
rell,real
seimbangin,imbang
seruu,seru
kenal,kenal
tauu,tau
minus,minus
botdark,bot
please,please
moontoon,moonton
systemgw,sistem
kinerja,kerja
rugikan,rugi
joystick,joystick
anjinkk,anjing
vale,vale
rivem,revamp
blink,blink
coldown,cooldown
percepat,cepat
make,pakai
power,power
kesampean,sampai
berkontribusi,kontribusi
kompensasi,kompensasi
mail,email
protection,protect
draftpick,draftpick
solopemain,solo
dr,dari
titik,titik
curangnya,curang
nentuin,tentu
rekom,rekomen
obralnya,obral
marketing,marketing
langgan,langgan
berjam²,jam
berhri²,hari
nemu,nemu
lahap,lahap
storepaling,store
leg,lag
ketemuu,ketemu
buggeme,bug
squad,squad
tahan,tahan
gamee,game
minussnyaa,minus
terusayoklah,terus
saing,saing
sebelahsistem,sebelah
draftnya,draft
terjadii,jadi
legendyg,legend
mytick,mythic
epicyg,epic
ratakatanya,kata
tapiiiiiiii,tapi
ksih,kasih
tapiii,tapi
kalahhhhhh,kalah
apaaa,apa
gilatolong,gila
thanks,makasih
halah,halah
copot,copot
ngulang,ulang
naiknaik,naik
mentok,mentok
situ,situ
oi,oi
mainini,main
foke,fake
hadeuhsangat,hadeh
ngelapor,lapor
notif,notifikasi
dikitdikit,dikit
baper,baper
bantapi,ban
jebo,jebo
ngerepotin,repot
pdahal,padahal
kafang,kadang
gaji,gaji
putusputus,putus
custome,custom
jelang,jelang
keliling,keliling
masing²,masing
bunuh,bunuh
lord,lord
turtle,turtle
inisiasi,inisiasi
cenderung,cenderung
tar,tar
nyah,nya
taka,taka
ribet,ribet
meneganggkan,tegang
kerenbagus,keren
wayoutube,youtube
depelopernya,developer
kerena,karena
fasilitas,fasilitas
barang,barang
henphon,hp
peluang,peluang
hargai,harga
minimum,minimal
peroleh,oleh
ngeban,ban
ngntt,ngntt
endingnya,ending
segitu,gitu
bast,bast
muluk,muluk
noob,noob
ngacok,cok
laporin,lapor
rusakplayer,rusak
lawankami,lawan
solokalau,solo
emng,memang
vsknpa,kenapa
solokami,solo
montonn,moonton
rusakkadang,rusak
sendiringefrezzjaringan,freeze
lagmakin,lag
montonplayer,player
barujgn,baru
gamebagus,game
ramai,rame
kanini,kan
parahtim,parah
musuhkalau,musuh
lagsering,lag
eror,error
dalem,dalam
nana,nana
geratis,gratis
sekarangbye,sekarang
drag,drag
sngat,sangat
ngisi,isi
kosong,kosong
ngehibur,hibur
amitamit,amit
animasi,animasi
lawak,lawak
plissssss,plis
plisssss,plis
rumah,rumah
pet,pet
mo,mo
heri,heri
suyou,suyou
pink,pink
abis,habis
sensor,sensor
dtapi,tapi
alpha,alpha
nyakasih,kasih
bosenbosen,bosen
propeler,proper
ngendong,gendong
myt,mythic
samain,sama
rusuh,rusuh
samperin,samper
menambanh,tambah
scamm,scam
stiker,stiker
emot,emot
viralin,viral
koleksi,koleksi
persatu,satu
dirank,rank
sii,sii
kga,tidak
ketemuin,ketemu
sololah,solo
mesti,pasti
berani,berani
malesnya,malas
semangat,semangat
ngembangin,kembang
menggangu,ganggu
strik,streak
baikiya,baik
cobak,coba
ka,ka
retri,retri
legendnya,legend
kejam,kejam
biba,coba
losetrike,losestreak
kemari,kemari
seruh,seru
chi,chi
kesemuah,semua
ngeselin,kesal
sepi,sepi
ton,ton
montod,moonton
bocil,bocil
ngapain,apain
mytich,mythic
epiclegend,epic
ngeprank,prank
lewati,lewat
payah,payah
terosini,terus
tertolol,tolol
dosa,dosa
kurangi,kurang
bs,bisa
byk,banyak
acak,acak
rancang,rancang
sistemjaringan,sistem
tlg,tolong
speed,speed
tapii,tapi
pass,pas
edittambah,edit
babii,babi
majuu,maju
macht,match
setabil,stabil
asakn,asal
fitru,fitur
tolo,tolol
hebat,hebat
frem,frame
say,saya
mitic,mythic
butut,butut
good,good
emailnya,email
sandi,sandi
moontonnya,moonton
diganti,ganti
platfrom,platfrom
ditanggapi,tanggap
weekly,weekly
notifikasi,notifikasi
tnya,tanya
cs,cs
proses,proses
lanjutin,lanjut
tanggung,tanggung
pertanggung,tanggung
jawabnnyaa,jawab
adilmasa,adil
nyalalu,lalu
sprti,seperti
emelini,mlbb
nyapadahal,padahal
lancarterus,lancar
kenapajaringan,jaringan
lancarhp,lancar
ngelagkadang,lag
ngefreezgw,freeze
sy,saya
ngepram,prank
kimak,kimak
nasip,nasib
sedih,sedih
freeder,feed
low,low
lengkap,lengkap
marksman,marks
ragam,ragam
kecewadisaat,kecewa
kunci,kunci
membantusudah,bantu
formulir,formulir
alasan,alas
kirim,kirim
gmail,email
responsampe,respon
kekantor,kantor
dijakarta,jakarta
karya,karya
membantuterus,bantu
terbang,terbang
dichina,china
eazy,easy
bangetskill,skill
issue,issue
mainbahkan,main
benar²,benar
sehancur,hancur
itujadi,itu
dwon,down
internetwifi,internet
djajal,dajjal
kock,kok
toon,moonton
ksi,kasih
seberatnya,berat
sangatamat,sangat
menaikan,naik
ngasih²,kasih
mangkrakperbaikin,mangkrak
gjlss,gajelas
ituu,itu
disaran,saran
kampung,kampung
kota,kota
development,develop
ayo,ayo
lohh,loh
pengalamantolong,pengalaman
mainmenang,menang
baguuus,bagus
arah,arah
ult,ulti
mempan,mempan
apain,apain
deflover,developer
peebaiki,perbaiki
yaah,yah
updatenya,update
target,target
mengerti,ngerti
orangorang,orang
alihalih,alih
hadap,hadap
set,set
turtellord,turtle
ketik,ketik
ningakatin,tingkat
gr,gara
banayak,banyak
sebenernya,benar
pande,pandai
rotasih,rotasi
seimabangagar,imbang
moontonpdhl,moonton
wifinya,wifi
problemmalah,problem
patahgk,patah
gerakpas,gerak
mlbbmobile,mlbb
sanksihukumansisanya,sanksi
okeitu,oke
sih♡♡♡,sih
kpd,kepada
memberitahu,beri
spin,spin
rendahpaling,rendah
unggul,unggul
radak,radak
sayanya,saya
ngeleng,lag
pul,pul
brawel,brawl
metit,mythic
slesai,selesai
gimanah,gimana
depeloper,developer
enakin,enak
maennya,main
ngerasa,rasa
rankmalah,rank
lagicoba,lagi
selanjutnyadibikinkan,lanjut
yadan,yah
versi,versi
offlinesaat,offline
punyamalah,punya
kenak,kena
semuaada,semua
dj,dj
setel,setel
kalhaku,kalah
atastapi,atas
ituberarti,arti
terusbuat,terus
oflen,offline
betulin,betul
jaringannyakalau,jaringan
onlen,online
jaringannyayang,jaringan
lainnyaini,lain
asuselalu,selalu
tinggientar,tinggi
pleyernyaasu,pleyer
terusterusan,terus
pangkat,pangkat
derastis,drastis
gaada,tidak
marai,marah
noskror,noskor
rnk,rank
noskor,noskor
sebebarnya,bebar
mikirmikir,mikir
mate,mate
aim,aim
lock,lock
gacha,gacha
moontonai,moonton
cunrangi,curang
belah,belah
nafsu,nafsu
penasaran,penasaran
puqi,puqi
pantasseimbang,pantas
montot,moonton
lolot,lolot
darksiatem,darksistem
putusasa,putus
momton,moonton
grafiknya,grafik
bagibagi,bagi
skinnya,skin
matic,mythic
beh,beh
bangus,bagus
fiturfiturnya,fitur
guinevere,guinevere
warrior,warrior
stun,stun
duanya,dua
nomor,nomor
roamtank,roam
ngekill,kill
fremnya,frame
hd,hd
lornya,lord
bugbugnya,bug
ngebikin,bikin
pasmain,main
plus,plus
gema,game
updetnya,update
perilaku,perilaku
sebal,sebal
ajak,ajak
apabagi,apa
ampass,ampas
nanyak,nanya
mabuk,mabuk
maching,match
lemahmasih,lemah
naaah,nah
liatin,lihat
kesedot,sedot
erly,early
pascol,pas
epikkk,epic
seting,seting
pecah,pecah
solorank,solo
immoudah,sudah
jelekmuntun,jelek
duludulu,dulu
nyasekarang,sekarang
bagustolong,bagus
real,real
fake,fake
afdate,update
rom,roam
kentang,kentang
baguspengalaman,bagus
afkselalu,afk
afdateselalu,update
ulangmonton,ulang
lostrek,losestreak
nyasar,nyasar
metch,match
gmn,gimana
credit,credit
score,score
gapernah,gapernah
just,just
info,info
habisin,habis
ajalol,aja
binatang,binatang
manusia,manusia
menangsaya,menang
moontonmakin,moonton
heh,heh
fair,fair
ketemunya,ketemu
dh,dah
gubris,gubris
modal,modal
chipset,chipset
dimen,dimensi
frame,frame
memo,memori
sisah,sisa
tapijaringan,tapi
lancardan,lancar
lawanya,lawan
haram,haram
kol,call
skali,sekali
anying,anjir
timkatanya,tim
cog,cok
broken,broken
fokusin,fokus
luluh,luluh
lagdan,lag
chiterdan,cheater
treakaku,streak
bandkarena,ban
rankdan,rank
urut,urut
ditangani,tangan
sklian,kali
kalii,kali
runah,rumah
krna,karena
bngtt,banget
nunggu,nunggu
ngontoll,troll
cerewet,cerewet
ngatur,atur
sepuh,sepuh
mintolong,tolong
mainnyasaya,main
tolooooongg,tolong
cobakasian,coba
anjingggggg,anjing
montooon,moonton
anjingggggmakasih,anjing
mulusampai,mulu
delete,delete
mlntah,mlbb
jugaini,juga
saudi,saudi
ngebug,bug
periksa,periksa
arab,arab
jatah,jatah
clasicbrawl,klasik
stark,streak
kesalmakanya,kesal
mach,match
adildan,adil
geratisberikan,gratis
winsterakjangan,winstreak
loowe,low
winstreakya,winstreak
tun,tun
katamohon,kata
maklumi,maklum
salahsakian,salah
berikanjangan,beri
lupa,lupa
kolektor,kolektor
salahan,salah
giniaku,gini
sihkata,kata
guegk,tidak
lagknp,lag
cooo,cok
enta,entah
penyamarataan,rata
krusial,krusial
dirumah,rumah
china,china
mhetcking,matchmaking
gitungk,tidak
pernha,pernah
mimpi,mimpi
mitical,mythic
jagomusuh,musuh
gwteam,tim
bloonga,bodoh
indodi,indonesia
bloon,bodoh
mulubisa,mulu
lam,lag
anjcape,capek
aing,saya
citerjanggal,cheater
sumpahgw,sumpah
internetrelog,internet
samapas,sampah
lgipas,lagi
internetcoba,internet
lgimasuk,masuk
ngetroltolong,troll
anehkalau,aneh
posisitim,posisi
solid,solid
moontongame,moonton
sekarangnmakin,sekarang
disetel,setel
ngeremehin,remeh
larut,larut
dahlah,dah
relax,relax
dear,dear
costumer,costumer
service,service
kesah,kesah
omongin,ngomong
nemuin,temu
ripot,report
perbaikimain,perbaiki
assalamualaikum,assalamualaikum
warahmatullahi,warahmatullahi
wabarokatuh,wabarokatuh
bosantapi,bosan
moontondan,moonton
ngelag²,lag
tuduh,tuduh
optimalkan,optimal
menengah,tengah
partisipasi,partisipasi
hak,hak
stressssss,stres
diksh,kasih
mulus,mulus
kodisikan,kondisi
terkondisikan,kondisi
machmaking,matchmaking
staff,staff
tidur,tidur
gilaa,gila
benerr,benar
emass,emas
berantakan,berantak
capekk,capek
diperhatikan,perhatikan
benirin,benar
pause,pause
ahh,ah
overpawer,overpower
setarakan,setara
maii,mai
lemot,lelet
dikittttt,dikit
ngefreesh,freeze
lawanenemy,enemy
opsional,opsional
bth,butuh
gelak,gelak
dak,tidak
tan,dan
teman²,teman
mainsaya,main
mabartapi,mabar
sulitdan,sulit
gatot,gatot
kaca,kaca
wassalamualaikum,wassalamualaikum
wabarakatuh,wabarakatuh
stressmain,stres
boca,boca
mainnn,main
potensi,potensi
jagobiar,jago
soloosendiri,solo
bahasa,bahasa
bedain,beda
sunda,sunda
indonesia,indonesia
risih,risih
disensor,sensor
mute,mute
sing,sing
baleng,baleng
anzinkkkxxxggg,anjing
ti,ti
anjinkkkcccxxxggg,anjing
hmm,hm
mamang,mamang
devlopernya,developer
timbang,timbang
picknya,pick
kabur,kabur
dukung,dukung
ingamenya,game
ngebosenin,bosan
gakbisa,gabisa
chat,chat
fomo,fomo
effect,efek
old,old
basic,basic
merespon,respon
trolling,troll
sebalah,sebelah
classik,klasik
batasi,batas
thank,makasih
terserunamun,seru
mutu,mutu
saranku,saran
delayyy,delay
nampaknya,tampak
sananya,sana
menangkalahmenangkalah,menang
semuasedangkan,semua
maintolong,tolong
kedepannyamalass,malas
dahhitu,itu
jurus,jurus
ads,ada
playstore,playstore
mathmacingnya,matchmaking
ketimbang,timbang
kerjasama,kerjasama
kuasai,kuasa
hadehhh,hadeh
pertempuranya,tempur
mhon,mohon
jaringannyajaringan,jaringan
skillnya,skill
dipencet,pencet
menurus,turus
goblokkkkk,goblok
rekomendasi,rekomen
kamp,kamp
latih,latih
gratisantidak,gratis
kam,kamu
offlain,offline
berawel,brawl
telur,telur
balas,balas
chass,chass
mentang²,mentang
simtem,sistem
bisa²,bisa
cobaanya,coba
kukasi,kasih
kesaing,saing
tukang,tukang
nyampah,sampah
ngadain,adain
jatuh,jatuh
pintar,pintar
gratisin,gratis
adilsolo,adil
bermainjika,main
angkat,angkat
palyer,player
bermainbukan,main
gamebiarpun,game
xsemoga,semoga
mvpkalah,mvp
rankbintang,rank
menanglangsung,menang
tangan,tangan
bgtngga,banget
lama²,lama
mlbbsmakin,mlbb
ksini,sini
legnyapdhal,lag
signl,sinyal
msalahpas,masalah
seru²nya,seru
mlah,malah
ngelegtolglah,lag
gamenyatrs,game
updet,update
apjaringan,jaringan
dibiarin,biar
rungkadbikin,rungkad
ajslama,aja
ngapainbnyk,apain
gunaperbaiki,perbaiki
after,after
gegara,gara
maju²,maju
nyalahin,salah
roamer,roam
perfectcuma,perfect
adilkarena,adil
rendahmenengah,rendah
egoissebelum,egois
mainkanmisal,main
junglernanti,jungler
masingroamergoldexpdan,masing
nyamanjadi,nyaman
roleitu,role
skinya,skill
hitam,hitam
ngalamin,alamin
bgni,begini
headset,headset
bluetooth,bluetooth
legenda,legend
ngambil,ambil
kesana,kesana
senggol,senggol
batin,batin
dibasmi,basmi
timya,tim
disesusainkan,sesuai
kalou,kalau
emosian,emosi
dhepersi,stres
sakit,sakit
nangisan,nangis
beharap,harap
mas,mas
dihilngkan,hilang
kotor,kotor
systems,sistem
magicdust,magicdust
maksimal,maksimal
heroskin,hero
apresiasi,apresiasi
diliran,giliran
bagusgamenya,bagus
doangtolong,doang
dimlsaya,mlbb
pls,plis
playerudah,player
berhentidari,berhenti
emosibikin,emosi
stresbuang,stres
waktugak,waktu
bng,bang
nyt,nyata
jga,juga
healing,healing
heuleng,healing
gelo,gila
baik²,baik
giveaway,giveaway
ws²,winstreak
zona,zona
episode,episode
denda,denda
direkomendasikan,rekomen
mendonwlod,download
bermasalahlawan,masalah
seimbanglawan,imbang
sistempas,sistem
klihatandimanagemennya,management
ketiga,tiga
telegram,telegram
skarang,sekarang
tautkan,taut
kembaliin,kembali
sangatt,sangat
untukk,untuk
mainkannketika,main
peka,peka
buff,buff
early,early
kaki,kaki
orange,orange
ungu,ungu
kecewagame,kecewa
perform,perform
gemar,gemar
burung,burung
samasama,sama
nagih,nagih
nambhin,nambah
alih,alih
ndak,tidak
kebanyak,banyak
ngetrollrebutan,troll
lanegame,lane
alucard,alucard
lightborn,lightborn
starlight,starlight
martis,martis
ijin,ijin
terap,terap
last,last
snowball,snowball
mainnkan,main
late,late
bagussemakin,bagus
kesinu,sini
menyenangkantapi,senang
scarlet,scarlet
phantom,phantom
bloodlust,bloodlust
axekarena,axe
mempengaruhi,pengaruh
herro,hero
lanedan,lane
alangkah,langkah
dikembalikancukup,kembali
terimakasihsukses,makasih
pancing,pancing
emosia,emosi
patahpatah,patah
sodaraku,saudara
adakah,ada
sengar,dengar
blum,belum
bugg,bug
teutama,utama
harley,harley
combo,combo
gero,hero
wkwkwkk,wkwk
losestreak,losestreak
cm,cuma
jngn,jangan
topup,topup
mnding,mending
semuah,semua
banyka,banyak
tanggapi,tanggap
nyatim,tim
lanerotasimikro,lane
makrosedangkan,makro
lanerotasi,lane
mikro,mikro
makro,makro
benerinjuga,benar
parahpantes,parah
sepibikin,sepi
berlima,lima
nyetak,cetak
lenged,legend
teamfight,fight
turtlelord,turtlelord
engmatch,match
hero²,hero
metadan,meta
montok,montok
kualifikasi,kualifikasi
bangbang,bangbang
kalu,kalau
diamon,diamond
om,om
ternganganganga,kaget
skinskin,skin
bagusbagus,bagus
minotour,mino
iri,iri
adaplis,ada
buatin,buat
mino,mino
apdet,update
omong,ngomong
diliat,lihat
ajh,aja
mb,mb
dowload,download
moontunnya,moonton
ngesetuck,stuck
nurunin,turun
temuin,temuin
tensi,tensi
sajamoonton,moonton
dongg,dong
rusakk,rusak
brp,berapa
skip,skip
tll,tolol
emangnya,memang
ekstrim,ekstrim
haha,haha
laaharus,harus
jugasama,juga
kitamanusia,kita
berusahasaya,usaha
nyaharus,harus
seimbangsaya,imbang
blablablasedangkan,sedang
semuabikin,semua
lahudah,udah
guys,guys
log,log
berkali²,kali
inipun,ini
errornya,error
taun,tahun
trssedangkan,sedang
abadi,abadi
me,me
biki,baik
esport,esport
core,core
coa,coa
diginiin,gini
lunox,lunox
nabung,nabung
sempit,sempit
updata,update
dipakai,pakai
ngeframe,frame
eksternal,eksternal
legendstetapi,legend
bugdan,bug
bermaintolong,main
hand,hand
phone,phone
koreksi,koreksi
area,area
jangkau,jangkau
kabupaten,kabupaten
gamedari,game
serim,sering
maengsedangkan,main
jagocape,jago
teruntuk,untuk
inimatchmaking,matchmaking
sampahcs,sampah
ngebantudari,bantu
matchmaking²,matchmaking
diberesin,beres
mact,match
randomnya,random
jagoo,jago
mainn,main
mnangnyaa,menang
meng,meng
install,install
instal,install
ntar,bentar
golong,golong
beginner,beginner
jokian,joki
taik,tai
dibawah,bawah
survival,survival
mono,mono
permanen,permanen
ngeblokir,blokir
terbatas,batas
dijelekin,jelek
jelekin,jelek
giniin,gini
mengasih,kasih
meresa,rasa
mindari,dari
signaldan,sinyal
signalnya,sinyal
makingnya,making
smpe,sampai
gd,gd
pure,pure
highrank,rank
dimiliki,milik
pemilihanban,pilih
kontras,kontras
gelap,gelap
ngerusak,rusak
kudapat,dapat
ketawa,tawa
ngasal,asal
mengapreasi,apreasi
kedepan,depan
tetcipta,cipta
publik,publik
pertandinganya,tanding
disisi,sisi
berdamage,damage
banding,banding
ks,kasih
sungguh,sungguh
chit,cheat
ketat,ketat
pkai,pakai
open,open
mic,mic
reload,reload
ehh,eh
huff,huff
tanggap,tanggap
andadiperbaiki,perbaiki
komitmen,komitmen
samasampah,sampah
dikeluhkan,keluh
kondisi,kondisi
bertanggungjawablah,tanggungjawab
katakata,kata
template,template
basi,basi
disistem,sistem
matchking,matchmaking
kyak,kayak
tetel,setel
cma,cuma
pelayer,player
mukin,mungkin
macking,matchmaking
myticlegend,mythic
tamen,tamen
maling,maling
bngt,banget
sistemu,sistem
tmenku,teman
gama,game
biyar,biar
seterus,terus
gasih,kasih
permutasi,mutasi
sukai,suka
rekan,rekan
tengok,tengok
dikejer,kejar
dicobain,coba
fanbase,fanbase
gede,besar
malu,malu
grakin,gerak
joint,join
lebihtidak,lebih
ngikut,ikut
nasib,nasib
pera,pera
gaming,game
cheaternya,cheater
garfik,grafik
mainorang,main
sterss,stres
hilangin,hilang
pasan,pas
crash,crash
ndk,tidak
ja,ja
janga,jangan
spam,spam
terburukkkkkkkkk,buruk
sistemmmmmmmmmmmmmmm,sistem
moontonnnnnnnnn,moonton
bend,ban
perunggu,perunggu
base,base
tengil,tengil
wifidata,wifi
seluler,seluler
delayberat,delay
fiturskin,fitur
dibacamoonton,moonton
canggih,canggih
bugwalau,bug
proteksi,protect
sytem,sistem
sanksitidak,sanksi
redup,redup
virus,virus
answer,answer
musu,musuh
monntod,moonton
resuace,resuace
konten,konten
berulang²,ulang
kontenskin,konten
didownload,download
complete,complete
loginpindah,login
acount,account
divace,device
cpu,cpu
sanggup,sanggup
resuacepengunduhan,resuace
terimakasi,makasih
quota,kuota
permisi,permisi
keempat,empat
kombinasi,kombinasi
huruf,huruf
angka,angka
perbaharui,baru
sendiriauto,sendiri
jaminmoonton,jamin
lawanskil,lawan
berpengaruhsinyal,pengaruh
berpengaruhini,pengaruh
smurf,smurf
radiasi,radiasi
minum,minum
ngerasain,rasa
itu²,itu
gausa,gausah
riwayat,riwayat
enak²,enak
obrakabrik,obrak
bahas,bahas
sajajadi,saja
sistemm,sistem
akhirinii,akhir
batingw,rate
peecintaan,cinta
iyaa,iya
jugatruss,juga
cobabtw,coba
moga,semoga
protes,protes
konfirmasi,konfirmasi
benahi,benah
deleted,delete
mythik,mythic
grading,grade
and,and
wajar,wajar
dungu,dungu
pengertian,arti
dibilangin,bilang
batinnnnn,batin
kesempatan,sempat
dapetin,dapet
imortaldan,immortal
mitych,mythic
dibeli,beli
mityc,mythic
vexana,vexana
cooldown,cooldown
sekil,skill
persingkat,singkat
celasic,klasik
turtel,turtle
hutan,hutan
taiikkk,tai
honnorr,honor
honnor,honor
taiikk,tai
lagittus,lagi
gitugitu,gitu
anjingg,anjing
jaringannyakesesuaian,jaringan
adilngasih,adil
botmusuh,bot
glorigua,glory
draksistemmonton,darksistem
donk,dong
stiap,setiap
alogaritma,algoritma
code,code
lebihhanya,lebih
buangbuang,buang
poko,pokok
menjelekan,jelek
lang,lang
sung,sung
pokonyaada,pokok
mythical,mythic
eximmortal,immortal
devlop,develop
asuk,masuk
dendam,dendam
biadap,biadap
ngebot,bot
kedip,kedip
deki,dek
mncapai,capai
mrekarank,rank
lbih,lebih
vpn,vpn
slow,slow
noh,noh
mreka,mereka
dibiarinsedangkan,biar
ajakin,ajak
laen,lain
kekudah,udah
gendong²,gendong
lucu,lucu
draksytem,darksistem
tampa,tanpa
nub,noob
inj,ini
kadan,kadang
stuk,stuck
kostumer,costumer
sevis,servise
bgi,bagi
keredit,kredit
bosanin,bosan
hedehhhh,hedeh
sesek,sesak
dada,dada
demage,damage
hey,hai
montol,moonton
gaperlu,gaperlu
bnerin,benar
midlaner,midlaner
stop,stop
cheimestri,chemistry
indomaret,indomaret
adilkan,adil
negara,negara
memprogram,program
ajakenapa,aja
draksystemini,darksistem
initolong,tolong
draksystem,darksistem
trimaksih,makasih
ngefreze,freeze
sendiripadahal,sendiri
datawifi,data
bagustambah,bagus
lagisaya,lagi
oy,oy
nyesuein,sesuai
nyesuain,sesuai
daek,dari
dibanyakinpercuma,banyak
dipikirinitu,pikir
bagusyakin,bagus
dilupain,lupa
nilai,nilai
dikurangin,kurang
bocilanehhh,aneh
akalmain,akal
sekaliini,sekali
judi,judi
online,online
sendiridan,sendiri
rasisme,rasis
agamasukudan,agama
inibagi,ini
perintah,perintah
inikalok,kalau
benarbenar,benar
seringseringlah,sering
gift,gift
teruslah,terus
kerasa,rasa
tegur,tegur
diwajarin,wajar
akalin,akal
disatuin,satu
nanamiyacicialuchard,nana
victory,victory
berkedok,kedok
romer,roam
kebayakan,banyak
helcurt,helcurt
seram,seram
direntang,rentang
asalandark,dark
apapun,apa
untungkan,untung
konsisten,konsisten
merespont,respon
papi,papi
legg,lag
seruuuuu,seru
teritama,utama
pemaim,player
alias,alias
duluteruntuk,untuk
denga,dengan
inidan,ini
favorite,favorite
dukatapi,duka
rankedkenapa,rank
anggap,anggap
vdan,dan
disatukan,satu
bgst,bangsat
kuda,kuda
lindung,lindung
ngeos,ngeos
moontonadanya,moonton
willisalim,willisalim
uksekian,sekian
wassalam,wassalam
mualaikum,mualaikum
putus²,putus
mastergrandmasterepic,grandmaster
apalgi,apalagi
ngecheat,cheat
diproses,proses
perkara,perkara
pekara,perkara
maksimalkan,maksimal
comeback,comeback
miliki,milik
proo,pro
drksistem,darksistem
atu,atau
kd,kd
kdyg,yang
sesuaii,sesuai
stemm,stem
baikii,baik
muntonn,moonton
devolover,devoloper
loes,lose
sistemsaya,sistem
mukil,pukul
bisabisanya,bisa
bronze,bronze
ngurangin,kurang
bp,berapa
berjamjam,jam
kocaq,kocak
sultan,sultan
facebookpas,facebook
terkaittidak,kait
najis,najis
kntod,kntod
jinggw,anjing
ngecrees,crash
hilangpadahal,hilang
wayfai,wifi
nyambung,sambung
muluhero,hero
bapuk,bapuk
delayketemu,delay
indolain,indonesia
jujurly,jujur
perfect,perfect
character,character
offlinee,offline
huhu,huhu
ranklevel,rank
devoloper,developer
diamondnya,diamond
didapetin,dapat
darimoonton,moonton
tumbuh,tumbuh
jelelkkk,jelek
gameee,game
burukkk,buruk
banggetttt,bangget
soooaaallllnyyyyaa,soal
lostrekk,losestreak
adilmasak,adil
septemberoktober,september
nelpon,telpon
sebentar,sebentar
masok,masuk
kepertandingnya,tanding
singal,sinyal
disayangkan,sayang
menjdi,jadi
kl,kl
nyolot,nyolot
losstreak,losestreak
wifiku,wifi
parahhpas,parah
dilobby,lobi
semuamana,semua
mabaran,mabar
prosinyal,sinyal
menggangguwaktu,ganggu
afkemamg,afk
gamelama,game
nyesel,sesal
dapt,dapat
palah,kalah
begomusuhnya,bego
bantai,bantai
gaes,guys
klok,kalau
paler,player
njir,anjir
elah,ealah
kyboard,kerboard
srius,serius
feedtidak,feed
bocah,bocah
freeplayer,ff
ngurusin,ngurus
gejelas,gejelas
jungle,jungler
orang²,orang
ngotot,ngotot
herolane,hero
lgsg,langsung
puji²,puji
akhirakhir,akhir
beramin,amin
janggan,jangan
trool,troll
darksytem,darksistem
sanggar,sanggar
ee,ee
sepadantim,tim
sistemnyakalok,sistem
ngerenk,rank
tinggitim,tinggi
selidiki,selidik
lagends,lagend
atasnya,atas
toll,troll
samsung,samsung
ui,ui
bangt,banget
tol,tolol
ajj,aja
tubrukin,tubruk
sinkron,sinkron
yamana,mana
curangksihan,curang
timbul,timbul
mulutolong,mulu
sayaengasih,kasih
yaudah,sudah
informasi,informasi
serutetapi,seru
pastinya,pasti
ratarata,rata
neraka,neraka
dongo,dongo
tolobg,tolong
sperti,seperti
telkomsel,telkomsel
srver,server
unistal,uninstall
dites,tes
kedalam,dalam
ggnya,gg
digame,game
mausistem,sistem
tambahancheater,cheater
dikarnakn,karena
stresss,stres
tambahi,tambah
publiknya,publik
keluhanini,keluhan
pekek,pakai
sekin,skin
demgan,dengan
caba,cara
sekim,skin
srkarang,sekarang
yahhhmakasih,makasih
tlong,tolong
dipelajari,pelajari
etika,etika
kalimat,kalimat
leceh,leceh
sialanbaru,sialan
setega,tega
permanenbangkrut,permanen
pleyer,player
parbaiki,parbaiki
par,per
baiki,baiki
frezz,freeze
tangani,tangan
ampun,ampun
fb,facebook
halang,halang
moontonini,moonton
moonton²,moonton
kira²,kira
susahmatchmakingnya,susah
computerbotnya,komputer
won,win
lagnya,lag
nahterus,terus
stree,stres
rileks,rileks
lagke,lag
betol,betul
setress,stres
blok,blok
ngepushh,push
indihome,indihome
sontak,sontak
cheatwifi,cheat
bijak,bijak
bagussama,bagus
ngoyak,otak
suasana,suasana
baguslah,bagus
smurft,smurf
smurfing,smurf
dijam,jam
inikalian,ini
balal,balas
deplover,developer
sarver,server
darf,darf
mech,match
palayer,player
dahh,dah
overall,overall
kegabutan,gabut
libur,libur
kdg,kadang
tabrakin,tabrak
notabenenya,notabene
kesian,kasih
cupu,cupu
ketabrak,tabrak
ehhmungkin,mungkin
co,co
tipis,tipis
monster,monster
ato,atau
fantasi,fantasi
serem,seram
vibes,vibes
sangar,sangar
serakahgw,serakah
woyklo,kalau
musnah,musnah
azabnyamentang,azab
giniunt,gini
lamaunt,lama
afksaya,afk
terahir,terakhir
perbarui,baru
unt,untuk
selena,selena
skilnya,skill
filenya,file
hambar,hambar
bilangnatalia,bilang
downloadnya,download
apalahgame,apa
koutabatre,kuota
pen,pen
kn,kn
wins,win
jaringgannya,jaringan
we,we
tambahin,tambah
ribu,ribu
sd,sd
smk,smk
fokus,fokus
sekolah,sekolah
lsdraksistemkalahterus,darksistem
depresi,depresi
pikirberfikir,pikir
amsyong,amsyong
genshin,genshin
tetiba,tiba
spend,spend
kuatram,kuat
iphonetapi,iphone
lagipas,lagi
begok,bedoh
semuamasa,semua
garena,garena
puntapi,pun
duprrbkesel,kesal
provider,provider
diperbaikin,perbaiki
bosok,bosok
mulukasih,mulu
yank,yang
nyajgn,jangan
hasilnyageme,hasil
hiburanla,hiburan
apabikinmarahbikin,marah
hatibikin,hati
strestolong,stres
cok,cok
gatel,gatel
brawlrankclacsicarcadedan,brawl
lain²,lain
acak²,acak
gituaku,gitu
miyalaylakimmynanaeudoraangela,miya
liat²,lihat
lanemm,lanem
lostrekpangkat,losestreak
ngestak,stuck
anik²,unik
sekang,sekarang
kanyamanan,nyaman
barmain,main'
ituh,itu
prestasi,prestasi
ketangkap,tangkap
selamat,selamat
kamunitasnya,kamunitas
rama,ramah
celah,celah
un,untuk
dikasihnya,legend
lejend,lejend
ci,ci
cil,cil
uangku,uang
gapa²,gapapa
nin,nin
bwat,buat
apl,apk
tayi,tai
gamemau,game
kebangetan,banget
teruscoba,terus
samakami,sama
bener²ke,benar
compunter,komputer
job,job
desk,desk
aju,aku
moontonsistem,moonton
gwa,saya
klian,kalian
modelan,model
rankd,rank
membacot,bacot
ortulebih,lebih
mlmain,ml
ajajangan,aja
tida,tidak
jagosekian,jago
membuli,buli
tanggapanmu,tanggap
disconnect,disconnect
konfigurasi,konfigurasi
tolak,tolak
dkit,dikit
nikmatin,nikmat
padal,padahal
moontolol,moonton
kasihani,kasih
gacor,gacor
losstrike,losestreak
cocoknya,cocok
dikritik,kritik
donlot,download
recom,rekomen
sajasangat,saja
dipencetlah,pencet
ngewar,war
pkoknya,pokok
surat,surat
terbuka,buka
dikurangi,kurang
asalasalan,asal
size,size
wort,worth
sukangetroltolong,troll
hindarilah,hindar
ahhhh,ah
review,review
warohmatulohi,warohmatulohi
ngikutin,ikut
mmng,memang
kurangnya,kurang
kesalmohon,kesal
lhjangan,jangan
pilihpilih,pilih
trolljgn,troll
doangtapi,doang
perbaikinonton,perbaiki
ngcrash,crash
kadangkadang,kadang
rilog,relogin
myitic,mythic
julian,juli
pliisss,plis
ai,ai
dehh,deh
tukar,tukar
adven,adven
original,original
what,what
are,are
crazy,crazy
ha,ha
banya,banya
terispirasi,inspirasi
pertandiangan,tanding
ngelegini,lag
hpmaaf,maaf
mudeng,mudeng
baperan,baper
pakenya,pakai
melisa,melisa
moskov,moskov
eudora,eudora
developmentnya,develop
divice,device
terimakasihaku,makasih
bagus—bagus,bagus
nobmohon,noob
pihah,pindah
kenaikanperpindahan,naik
settingmisalnya,setting
burukatau,buruk
kuatdan,kuat
adain,ada
lagu,lagu
ngelagngelag,lag
duakali,dua
hobi,hobi
games,game
bangat,banget
build,build
taiklawan,tai
negativfeed,feed
epikal,epic
ngepus,push
mulupembagian,mulu
ngadu,ngadu
abbang,abang
brapa,berapa
tanggepin,tanggap
ngpus,push
terusmaaf,maaf
menyusah,susah
egoistolong,egois
kegedean,besar
prioritas,prioritas
diseimbangin,imbang
tot,tot
stage,stage
dapatin,dapat
sempurna,sempurna
hitung,hitung
poin,poin
pasang,pasang
nyesal,sesal
prustasi,frustasi
lagngfreeze,freeze
disemua,semua
android,android
tergangguudh,ganggu
hppasang,hp
bagusmasih,bagus
bangetpas,banget
karep,mau
pie,gimana
kamis,kamis
november,november
terkini,kini
coc,coc
klasifikasi,klasifikasi
overpower,overpower
deskripsi,deskripsi
over,over
suckshero,suck
luh,luh
ngedownload,download
jagan,jangan
hokhonor,hok
wakil,wakil
tuntut,tuntut
apa²,apa
myticlegendsepicmytical,mythic
honordan,honor
nyaudah,sudah
balikin,balik
untukmu,untuk
gitulah,gitu
lihatin,lihat
jamping,jumping
tantangansaya,tantang
bahagiadi,bahagia
menantangditambah,tantang
legendgame,legend
bagusasik,bagus
lagiseru,asik
nyahero,hero
bnykskin,skin
bnykbnyk,banyak
menarikoh,narik
collab,collab
ducati,ducati
ngsih,kasih
ngetrolltapi,troll
tegangpokok,tegang
hallo,halo
uzi,uzi
overal,overall
meanwhile,meanwhile
karuan,karuan
te,te
puguh,puguh
kahkenapa,kenapa
cocokseimbang,cocok
kuatjago,kuat
kemahiranskill,skill
legendsaya,legend
diwarung,warung
sayapas,saya
diamondlah,diamond
bingungini,bingung
lohkemarin,kemarin
koklah,kok
bertanyakalo,tanya
gamenyatolong,tolong
leaderboard,leaderboard
sedangrendah,sedang
fpsnya,fps
its,itu
okay,okay
tt,tt
ttp,tetap
nnti,nanti
banyakkalau,banyak
musik,musik
nihgak,tidak
ayak,kayak
meles,les
diilangin,hilang
banner,ban
wifijaringan,jaringan
mest,pasti
mekingnya,making
abang,abang
woiii,woi
gameburik,burik
turung,turun
bintangselalu,bintang
lelet,lemot
nnton,nonton
resolusi,resolusi
sajakenapangele,kenapa
mohonnn,mohon
tengahtengah,tengah
kalangan,kalangan
gabutuh,gabutuh
samaa,sama
mendownloadaame,download
adill,adil
hebathebat,hebat
direla,rela
relain,rela
asal²an,asal
dipertandingan,tanding
tinjau,tinjau
setia,setia
botbaru,bot
honorglorydan,honorglory
killdarksistem,darksistem
seimbangsesuai,seimbang
overkill,overkill
mengclaim,klaim
protecion,protect
jenis,jenis
axis,axis
hubungi,hubung
ginian,gini
diisi,isi
gal,tidak
setanil,setan
berenti,henti
bgtu,gitu
ngtroll,troll
anehhhh,aneh
enakga,enak
endtiba,tiba
jaringandari,jaringan
jaringanhandphone,hp
mumpuni,mumpuni
koktinggal,tinggal
dicomeback,comeback
lagimakin,lagi
moontodddd,moonton
berturutturut,turut
matcmakingnya,match
gegabah,gegabah
bagussaya,bagus
memerhatikan,perhatikan
seimbah,imbang
woii,woi
parahini,parah
seimbangjaringan,imbang
quick,quick
pertahankan,tahan
moontonmohon,moonton
rankkarena,rank
kuatsedangkan,kuat
mainpadahal,padahal
mytictolong,mythic
menantangklo,menang
enggaya,tidak
pesimis,pesimis
menangtolong,menang
amin,amin
ngapa,apa
sangan,jangan
geramnya,geram
iklanya,iklan
diskon,diskon
plisss,plis
lossstreak,losestreak
tuk,untuk
memadai,pada
aktifin,aktif
high,high
upgrade,upgrade
hasilin,hasil
bendung,bendung
minator,minator
ultinya,ulti
hindari,hindar
aulus,aulus
pakei,pakai
jungling,jungling
acakin,acak
sllu,selalu
memding,mending
maenga,memang
kudu,harus
makcingnya,matchmaking
persen,persen
mangkin,mungkin
naif,naif
lagend,lagend
serugx,seru
anggota,anggota
pengalamanlebih,pengalaman
batre,baterai
nak,mau
manajamen,manajemen
kapasitas,kapasitas
file,file
sekor,score
sdang,sedang
kersa,kersa
sayamain,saya
krena,karena
nol,nol
moontonbukan,moonton
boottapi,bot
bebanlu,beban
opetcacalu,opet
story,story
ancurngasih,hancur
semualu,semua
goblookkkk,goblok
assasin,assasin
nerf,nerf
saji,saji
lainlainnya,lain
mentangmentang,mentang
ditipuin,tipu
sentuh,sentuh
eventnya,event
meriah,riah
ubahlah,ubah
friendly,friendly
skoor,score
dituruni,turun
ngejatuhi,jauh
tersampah,sampah
miyadyrrothzilong,miya
heroapalagi,hero
soloduotrio,solo
ds,ds
epicada,epic
lejen,legend
lagitapi,lagi
naik²,naik
hadehh,hadeh
anakanak,anak
remaja,remaja
dewasa,dewasa
giat,giat
bidang,bidang
pitur,fitur
bersamasama,bersama
lai,lai
makn,makan
renkapalagi,rank
winstrek,winstreak
adventure,adventure
saver,save
fikir,pikir
pendak,pendak
malam,malam
ketemukan,ketemu
alhasil,hasil
voice,voice
mengextrak,extra
pdhal,padahal
baikbaik,baik
klah,kalah
seseru,seru
nyenengin,senang
koontol,kontol
ful,full
engkau,engkau
sist,sist
pulasemakin,pula
montotttttt,moonton
jagojago,jago
sihhh,sih
goblokkk,goblok
paan,apa
keseimbagan,imbang
peduliin,peduli
ge,game
lodung,loading
scriin,screen
rilod,reload
feederafktrolltoxicdark,feed
sensorchat,sensor
pin,pin
cerita,cerita
storing,score
refresh,refresh
sinyalwifi,sinyal
sumpaya,supaya
de,de
maenhaduh,main
negeri,negeri
sistemkalo,sistemk
mod,mood
ngelagsinyal,lag
legnya,lag
gabut,gabut
byone,byone
sampi,sampi
menyenang,senang
senior,senior
sj,saja
satukan,satu
kehari,hari
kpala,kepala
untungan,untung
tidk,tidak
cuek,cuek
berak,berak
siram,siram
prmain,player
apaa,apa
istilah,istilah
movement,movement
lambat,lambat
maina,main
bermaina,main
hina,hina
jaringanya,jaringan
kana,karena
aov,aov
zaman,zaman
kusam,kusam
buriq,burik
suntuk,suntuk
kutuk,kutuk
ngetrolmati,troll
makrow,makro
mikrow,mikro
apat,apa
kmwaktu,waktu
macthnya,match
larang,larang
moment,moment
lainlain,lain
dialami,alami
sore,sore
bosenin,bosen
wkwk,wkwk
quest,quest
matc,match
mancing,making
nay,nay
baned,ban
rusak²,rusak
sekalinya,sekali
edit,edit
mediatek,mediatek
enth,entah
clasikrank,klasik
maksman,maksman
semu,semua
cabut,cabut
jelas²,jelas
dirot,rot
protect,protect
pegel,gel
bagusjelek,bagus
telak,telak
efektif,efektif
rekam,rekam
inginkankan,ingin
melain,lain
senangsih,senang
classc,klasik
sajah,saja
diben,ban
suda,sudah
mitak,minta
oofin,off
oofen,often
lagin,lagi
gjls,gajelas
memperhatikan,perhatikan
pertandingansaya,tanding
adiljika,adil
trophysemakin,trophy
trophytrophy,trophy
imbalance,imbalance
planga,planga
plongo,plongo
acc,acc
lolos,lolos
dimasukin,masuk
asah,asah
konsentrasi,konsentrasi
mitick,mythic
jangler,jungler
kusus,khusus
ajkalu,kalau
ben,ban
nyentuh,sentuh
suren,suren
susahan,susah
grand,grand
rare,rare
buatmlm,buat
gimanalah,gimana
mengubungkan,hubung
sedari,dari
betingkah,tingkah
vavorite,favorite
join,join
sesuaidpt,sesuai
mnang,menang
kbnyakan,banyak
relate,relate
ty,makasih
for,for
seasson,season
dalamnya,dalam
sumpahdi,sumpah
amatir,amatir
huhhh,huh
bay,bye
mustahil,mustahil
samping,samping
tvt,tvt
timnyasaya,tim
musuhalhasil,musuh
iniudh,udah
abdet,update
itukan,itu
donlod,download
ngilagi,lagi
kecewakan,kecewa
beran,heran
frezze,freeze
anjinkgak,anjing
toleransi,toleransi
kuala,kuala
lumpur,lumpur
dwnld,download
duotrio,duo
babiii,babi
devet,dev
udhj,udah
guamohon,mohon
ngarepin,harap
ditest,tes
hook,hok
pingin,pingin
baikin,baik
knyamanan,nyaman
trimakasihh,makasih
non,non
rengket,rengket
dibatas,batas
doangbikin,doang
biarinjaringan,biar
stak,stuck
gnti,ganti
ajapercuma,aja
gituminimal,gitu
perbaikijangan,perbaiki
tibajaringannya,jaringan
pushrank,push
tibaoffline,offline
garakebanyakan,banyak
ketikadi,ketika
udau,udah
depoloper,developer
peduli,peduli
kooperatif,kooperatif
frustrasi,frustrasi
grup,grup
yss,ya
batal,batal
nerima,terima
satudua,satu
sistemdisini,sistem
adamiytihc,mythic
ttg,tentang
ultra,ultra
puaslah,puas
terimah,terima
distracting,distract
prbaiki,perbaiki
pribadi,pribadi
but,tapi
know,know
gusion,gusion
border,border
recall,recall
minim,minim
mark,mark
mewahkan,mewah
dikerjain,kerja
foto,foto
haramsetiap,haram
soloselalu,solo
mendapar,dapat
mainsedang,main
bermainveterandari,veteran
seenggaknya,tidak
havefun,fun
masingmasing,masing
diseting,setting
bandar,bandar
pay,pay
to,to
gaptek,gaptek
mksd,maksud
keturet,turet
moho,mohon
baget,banget
parti,party
nalar,nalar
metzmaking,matchmaking
pmbagian,bagi
sekill,skill
glori,glory
imbng,imbang
sison,season
mundurin,mundur
colok,colok
persulit,sulit
federasal,feed
daun,daun
masalah²,masalah
jidat,jidat
setelahnya,telah
well,well
tementemen,temen
wake,wake
spellgak,spell
pencetjaringan,pencet
bagusgak,bsgud
ngeleghero,lsg
ngeskill,skill
atuh,atuh
spell,spell
dipencetbug,pencet
jalanbug,jalan
delaybug,delay
kepakebug,pakai
regen,regen
spellbug,spell
recal,recall
spelldan,spell
lagiperbaikin,perbaiki
hdgemplay,hd
mantaptapi,mantap
konyol,konyol
montonmengecewakan,kecewa
ilang²an,hilang
seakanakan,akan
danta,danta
situ²,situ
klik,klik
lainmasak,lain
diturutin,turut
lagameini,lag
jokitapi,joki
nyakalo,kalau
ditempatkan,tempat
lari²,lari
lari,lari
turen,turen
laser,laser
matikalo,mati
homeawal,home
langkah,langkah
jaringanlah,jaring
pemainya,player
lho,lho
mlbbnya,mlbb
lagpatah,lag
deuhh,hadeh
ngerugiin,rugi
mltolong,tolong
taiiii,tai
potong,potong
spertinya,seperti
comback,comeback
berturut²,turut
defeat,defeat
preman,preman
betbanyak,banyak
seandainya,andai
mhytic,mythic
borokokok,borokokok
stelah,setelah
gile,gila
cpe,capek
kurasa,rasa
devlpr,developer
jngan,jangan
tdak,tidak
kualitan,kualitas
mhack,hack
suport,support
sna,sana
terpencil,pencil
bobile,mobile
diseluruh,seluruh
nyepin,pin
dapetnya,dapat
jelek²,jelek
teros,terus
seringkali,sering
sekira,kira
devolofer,developer
argus,argus
ulti,ulti
urh,urh
hai,hai
losewin,lose
memorisinyal,memori
oketim,oke
evaluasi,evaluasi
double,double
ciptain,captain
tumpuk,tumpuk
histori,histori
sistemnyauntuk,sistem
malh,malah
shop,shop
reaksi,reaksi
padalan,padahal
menyerah,nyerah
peformanya,perform
egoistidak,egois
maindll,main
legendmohon,legend
absurd,absurd
skinlegends,skin
mythicglory,mythicglory
mythichonor,mythichonor
mythcimmortal,mythcimmortal
toooon,moonton
kil,kill
bagusmenang,bagus
kalitapi,kali
akaldi,akal
lagsistem,lag
sellu,selalu
jaringn,jaringan
bagusjadi,bagus
pindh,pindah
ajaa,aja
horor,horor
nonoton,monoton
tok,tok
film,film
ragu,ragu
karakterhero,hero
machmakingnya,matchmaking
enjoy,enjoy
perduli,duli
reddem,redeem
malysia,malaysia
tiket,tiket
flex,flex
brunogw,bruno
mentang,mentang
maintenance,maintenance
lapang,lapang
ketara,taraketara
segitunya,gitu
mpv,mpv
buyan,buyan
semuala,semula
janggal,janggal
kene,kena
aelah,ealah
pulblic,publik
hadeeeh,hadeh
bangetttt,banget
sanan,sanan
scamtipuan,scam
kendalikapan,kendali
lagbegitu,lag
yabenar,benar
spekulasisaya,spekulasi
eksperimen,eksperimen
berbedakenapa,beda
stabilkalo,stabil
fiturlag,fitur
palingan,paling
kdang,kadang
pash,push
inii,ini
ginitolonglah,tolong
deteksi,deteksi
darksistemjadi,darksistem
matchnyamasa,match
sistemwinstreaknya,sistem
losetreaknya,losestreak
ngulang²,ulang
siatem,sistem
sama²,sama
ngehabisin,habis
operator,operator
ngelagnya,lag
rename,rename
temen²,temen
bangetbelum,banget
gratisnahhmasalahnya,gratis
adalahh,adalah
timmisalnya,tim
ratenya,rate
proapa,pro
issuenoo,issue
adilmakannya,adil
rankkurang²in,rank
begitukitanya,gitu
sory,maaf
ranting,rate
menitsudah,menit
waktumain,waktu
vakum,vakum
even²nya,event
tiba²merah,tiba
dahhh,dah
minusnya,minus
yanv,yang
benarmain,benar
berturutturutgame,turut
anjur,anjir
tisu,tisu
wc,wc
lemotttt,lemot
rankclasicbrawl,klasik
naterus,terus
kuningkuning,kuning
muter,muter
raih,raih
diatasi,atas
kemengan,kan
siievent,event
bgtmasa,banget
kalahgua,kalah
gloryy,glory
gilak,gila
mapga,map
turretmainya,turet
individu,individu
pelitkikir,pelit
lemotnya,lemot
teror,error
ampasga,ampas
bau,bau
tanah,tanah
ap,apa
oktober,oktober
bgtgw,banget
cinta,cinta
multiplayer,multiplayer
timny,tim
wife,wifi
anehh,aneh
daleman,dalem
nyamasa,masa
memprioritas,prioritas
dahuluseharus,dahulu
dahuluseperti,seperti
gamekasian,game
keciljadi,kecil
myanmar,myanmar
beertambah,tambah
jug,juga
baguscuman,bagus
benget,benget
kasihlah,kasih
cacad,cacat
dtambah,tambah
gasehat,sakit
detail,detail
bagusskin,bagus
efeknyatapi,efek
makingnyalo,making
sistemmuluaku,sistem
epickmain,epick
mainjadinya,main
ngajak,ajak
costum,costum
wasit,wasit
paus,push
devisi,devise
musush,musuh
biasany,biasa
jelasin,jelas
pentingin,penting
cepek,capek
manapun,mana
karnan,karena
gameny,game
towin,towin
tlng,tolong
terusmenerus,terus
tabah,tabah
interface,interface
benah,benah
gapapa,gapapa
paketim,tim
hemat,hemat
nyala,nyala
gratiskan,gratis
masalahkenapa,masalah
bonus,bonus
trial,trial
fragment,fragment
kehapus,hapus
bereskan,beres
moontonemang,moonton
orngtapi,orang
hebathebattruss,hebat
mainnyaatau,main
ytapi,tapi
setolol,tolol
bermainga,main
mytictruss,mythic
sifat,sifat
egoisdan,egois
debat,debat
sistemtim,sistem
susun,susun
botcomputer,bot
bngst,bangsat
gondok,gondok
gau,tidak
kasij,kasih
sistemnyatidak,sistem
miythicdan,mythic
bisasekian,bisa
agk,agak
sikit,sakit
gratissan,gratis
graffik,grafik
namum,namun
sun,sun
rekananeh,aneh
kacang,kacang
hellojika,helo
mengedepankan,depan
jaringansaya,jaringan
gamejika,game
gens,gen
dowlot,download
mobilegens,mlbb
bag,bug
cepetan,cepat
jarigannya,jaringan
paa,apa
developor,developer
kda,kadang
tertarik,tarik
anjiiing,anjing
montun,moonton
taiiik,taiiiik
anjig,anjing
asuu,anjing
ajing,anjing
laah,lah
maenn,main
stresdepelover,stres
barumain,baru
linetidak,line
butuhkandan,butuh
adilsekarang,adil
hokdan,hok
botkomputer,bot
kususnya,kasus
yagelap,gelap
kayakkan,kayak
tunggusaya,tunggu
matijadi,mati
sampahpayah,sampah
rankmenang,rank
bagustaik,bagus
membosankanjngan,bosan
mainmabar,mabar
temanlawannya,lawan
berlevel,level
psa,pas
ketahui,tahu
permudahkan,mudah
kentangspek,kentang
tin,tin
firts,first
sayatombol,saya
gemenya,game
bukgitu,bug
ceritain,cerita
bai,baik
karana,karena
menghabis,habis
ueyy,uey
susahh,susah
bagis,bagus
jarigannnn,jaringan
loncat,loncat
halangibiarkan,halang
enakmain,enak
roledah,role
kanmalah,malah
lawanteman,lawan
taiiiik,tai
ngetrollhadeh,troll
kontooooolll,kntl
etroll,troll
sangat²,sangat
ciriciri,ciri
legenddan,legend
peforma,forma
benarin,benar
nyanaman,nyaman
ditengah,tengah
semuatidak,semua
seimbangseharusnya,imbang
usernya,user
expmidgoldyah,exp
lahmoonton,moonton
sportifitasan,sportif
durabilitas,durabilitas
sportifitas,sportif
du,du
nyamemalukan,malu
apus,hapus
pening,pusing
menangnaikkalah,menang
dirubahkeluhan,rubah
jadinyaterimakasih,makasih
menemanibye,temani
woyy,woy
kasihtim,kasih
jokiakun,joki
riport,report
blacklist,blacklist
diriport,report
sekitarjngn,sekitar
buruklag,lag
nyaad,ada
tambahanjngn,tanbah
gamemasa,game
gamebug,bug
darahmain,darah
salahharus,salah
gameudah,game
oketapi,oke
mainmau,main
blh,boleh
afkklok,afk
sinyalnyasumpah,sinyal
bbi,babi
akumain,aku
bknnya,bukan
marah²,marah
sendiridi,sendiri
okelu,oke
urusin,urus
nganggu,ganggu
mbs,mbs
gemplay,gameplay
inih,ini
sayah,saya
atou,atau
tepi,tepi
beg,bug
inimah,ini
karat,karat
ytta,ytta
perbuat,buat
besarhook,besar
asikan,asik
untgan,untuk
musim,musim
sebentar²,bentar
respons,respon
ngelegketika,lag
case,case
tindis,tindis
nanya,tanya
tololpembuatan,tolol
kencang,kencang
gelaja,aja
gblok,goblok
tmbah,tambah
presentasi,presentasi
anjgg,anjing
pulang,pulang
pergi,pergi
planing,plan
at,at
least,least
entot,entot
moontot,moonton
oon,bodoh
cina,china
entrance,entrance
smooth,smooth
pertimbangkanuntuk,timbang
ngelagnge,lag
freze,freeze
reportmohon,report
lagisetelah,lagi
singkir,singkir
kikirmohon,kikir
next,next
ciricirinya,ciri
ngaceng,ngaceng
fatal,fatal
nyesek,sesak
bansat,bangsat
sat,sat
sehatjaringan,sehat
doa,doa
orgplis,orang
sinyalpdhl,sinyal
maennmana,main
meatic,mythic
pehaman,paham
pinta,minta
ranking,rank
dimatchmacking,matchmaking
rankclasik,klasik
enmy,enemy
dikeluarin,keluar
berfikirbahwa,pikir
advance,advance
serverheroemblemfituritem,server
uji,uji
performance,perform
matchjika,match
bunyi,bunyi
dipasangkanmatching,pasang
title,title
mem,mem
misterius,misteri
pastisipasi,pastisipasi
draw,draw
dievent,event
lenyap,hilang
segampang,gampang
serv,server
kelaur,keluar
krestidak,crash
drafpickjujur,draftpick
settings,setting
english,english
bersih,bersih
cache,cache
is,is
enemy,enemy
packing,pack
banning,ban
advence,advence
mempertingkatkan,tingkat
balance,balance
gimnaa,gimana
dimitik,mythic
anehterus,aneh
lohtapi,tapi
rang,rank
tures,turet
legdan,lag
macthmaching,matchmaking
memengaruhi,pengaruh
bodooh,bodoh
mainmu,main
ngepushkasian,push
jago²,jago
sah,sah
dikitah,kita
setra,setra
mager,mager
traek,streak
lanedi,lane
troskualitas,kualitas
gems,game
bagussinyal,bagus
knapa,kenapa
gms,game
sebelahhonor,sebelah
adilseimbang,adil
epicklegend,epic
duluan,dulu
koment,komen
mindset,mindset
kebanyakn,banyak
diam,diam
think,think
isnt,isnt
solosaya,solo
supportakan,support
emosimenang,emosi
berkalikalidiberikan,kali
jugatolong,juga
diminati,mati
sister,sister
matchingupnya,match
honkr,honkr
romawi,romawi
musuk,masuk
imbanglah,imbang
perbiki,perbaiki
jaringansinyal,jaringan
pda,pada
jala,jalan
pengertiannyaterima,ngerti
denger²,dengar
lagcrash,lag
gravis,grafik
turred,turet
enviroment,enviroment
dianggep,anggap
worst,worst
era,era
behhh,beh
memastikanml,pasti
yo,ya
budeg,budeg
pengenin,ingin
jlk,jelek
pgn,ingin
ditambahin,tambah
puter,puter
ngerekam,rekam
kelewat,lewat
replaynya,replay
mew,mew
gameudh,game
gwkan,kan
yamasa,masa
nyaevent,event
jugabener,juga
jonathan,jonathan
dimusnahkannya,musnah
nembus,nembus
seasonnya,season
indikator,indikator
snapdragon,snapdragon
zxusin,zxusin
engine,engine
jagomahir,jago
komplen,complain
bit,bit
immo,immo
akut,takut
dana,dana
macmaking,matchmaking
mmhyper,hyper
kesekian,sekian
seriusan,serius
seratusan,ratus
mitikpunya,mythic
blue,blue
specter,specter
sekalisaya,sekali
nh,nih
drpd,dari
kembagian,bagian
diammond,diamond
kemaren,kemarin
trn,terima
gmana,gimana
izinin,izin
kepala,kepala
diizinin,izin
burik²orang²,burik
kiboykairisanzzlemon,kiboy
monton²,moonton
gloryimmo,gloryimmortal
gaasik,gaasik
fitnah,fitnah
program,program
lamakelamaan,lama
sadar,sadar
organ,organ
pajang,pajang
yha,ya
kambing,kambing
datanyadapat,tanya
sesuaikontes,sesuai
turunketemu,turun
sirik,sirik
buggame,bug
kikirdikasih,kikir
seimbangbeberapa,imbang
sinyalbugdarksistem,sinyal
anjjjjj,anjing
seriyus,serius
mep,map
hanjo,hanjo
hidupin,hidup
kecewakenapa,kecewa
berpengalamansaya,pengalaman
halini,hal
diem,diem
by,by
kustom,custom
kerjainyang,kerja
kerjainnya,kerja
menititu,menit
moontontolong,moonton
mush,push
onicmenang,onic
xsuka,suka
classicmau,klasik
montonnnnnya,moonton
onic,onic
ngetrolltolonglah,troll
sukangepick,pick
mmmage,mage
mmmagemaen,mage
benersuka,benar
afkberkata,afk
kasarterutama,kasar
banakunyangsukangetroll,ban
bugharus,bug
bekasit,bekasi
slowslowtolol,slow
sebelumnyalah,belum
malahdark,malah
sistematismontoon,sistem
mendahulukan,dulu
eventdaripada,event
tuitu,itu
modenya,mode
sampain,sampai
latar,latar
anniversary,anniversary
dirivamp,revamp
dg,dengan
tingga,tinggal
mmg,memang
jaringankarena,jaringan
dual,dual
offlinenya,offline
bebas,bebas
computernya,komputer
rollnya,role
junglernya,jungler
ramnya,ram
chipsetnya,chipset
dimensity,dimensity
unlock,unlock
launching,launch
mang,memang
curi,curi
timasal,tim
kalahh,kalah
sudahhh,sudah
capekkk,capek
ngrank,rank
booster,booster
ngaruhnya,ngaruh
toptapi,tapi
trollgak,troll
bocilmeskipun,bocil
maentolong,tolong
nyausahakan,usaha
adilldan,adil
sepadanmasa,sepadan
parahsetiap,parah
baguskadang,bagus
heroterus,hero
kresek,kresek
campur,campur
aduk,aduk
hujan,hujan
lampu,lampu
jelekjelek,jelek
smakan,sama
benerinnya,benar
jump,jump
menangngejek,menang
baikdevolepor,devolepor
kolaborasi,collab
seimbbangan,imbang
sistemdan,sistem
dihadapi,hadap
mahirjago,jago
soka,suka
ngetrollll,troll
bennedpercaya,ban
sendirigame,sendiri
segini,gini
menambahudh,nambah
sekalibisa,sekali
gamecapek,game
faedah,faedah
lamamaaf,lama
rusaakk,rusakpas
semuaa,semua
sumpaahh,sumpah
isinyaa,isi
darksistemmoontonrusak,darksistem
sesakit,sakit
jarak,jarak
cumaa,cuma
brown,brown
heyy,hei
nii,ini
gedek,kesal
kolab,collab
baguskeren,bagus
tampilantapi,tampil
papih,papi
moontonperbaiki,moonton
macing,match
kecewaterus,kecewa
bermainsya,main
mohonseimbangkan,imbang
mna,mana
ratajngan,rata
mainpdahal,main
mobilegendtapi,mlbb
macingnya,match
junggler,jungler
brawlvsai,brawl
rankclassicmagic,klasik
chees,chees
patahfreeze,freeze
apalahh,apa
fixs,fix
rada,rada
diurusin,urus
lolootttt,lemot
hokgamebaikstar,hok
mayan,mayan
bisah,bisa
sian,sian
malang,malang
ngabisa,gabisa
konsep,konsep
keteuin,tahu
pacar,pacar
first,first
hadehmalah,hadeh
elu,kamu
burek,burek
iming,iming
jijik,jijik
montoonsinyal,sinyal
baguskuota,bagus
adatp,ada
tbharus,harus
terputusterus,putus
montoonperbaki,perbaiki
lahhhhkan,lah
teruskalo,terus
buq,bug
teknis,teknis
playstory,playstore
bujang,bujang
data²,data
hadohhhhhh,hadeh
ahk,afk
berantem,berantem
mutenya,mute
mengejekmengomong,ngejek
kasardll,kasar
eternal,eksternal
strength,strength
adaa,ada
lagging,lag
dirating,rate
tepaksa,paksa
gameitu,game
skornyamisalnya,score
ganguan,ganggu
huni,huni
yanga,yang
rusakpas,rusak
hijaudevice,hijau
mainterus,main
fatmingrotasidan,farm
lancargw,lancar
losestrike,losestrike
inipliss,ini
sampaaahhhh,sampah
memadaaii,memadai
laenpun,lain
ity,itu
begituh,gitu
digedein,besar
nooh,noh
dhhh,dah
nyaranin,saran
enemysemua,enemy
type,type
perhatikansangat,perhatikan
moontonsolo,solo
sebelumnyakoneksi,koneksi
mnt,menit
sipepek,pepek
macthmaking,matchmaking
traike,streak
lax,lag
freegift,gratis
berdua,dua
bertiga,tiga
besar²an,besar
sdm,sdm
jaringanping,jaringan
wilayah,wilayah
wib,wib
kurangim,kurang
darksiste,darksistem
toxickembalilan,toxic
kedepanyya,depan
stersssdapet,stres
muluframe,mulu
apdete,update
mainkarna,main
framedan,frame
batutambahan,baru
jelsa,jelas
terussssgimana,terus
nyasatu,sartu
longgar,longgar
helio,helio
menjadijadi,jadi
kesambung,sambung
mampus,mampus
awokawok,wkwk
banyakk,banyak
perbaikipas,perbaiki
analisis,analisis
sh,sh
serba,serba
telat,telat
anticheat,anti
pc,pc
kontes,kontes
terang,terang
progres,progres
bad,bad
grafisnya,grafik
labih,labih
dijalanin,jalan
battlefielddark,battlefield
ling,ling
lagtiap,lag
keluarr,keluar
tmpt,tempat
rasis,rasis
gamebanyakdarksistem,darksistem
ngegganggu,ganggu
claim,klaim
smnjak,sejak
upd,update
vivo,vivo
beranda,beranda
supp,supp
brmslh,masalah
smnjk,sejak
smkin,makin
jadiin,jadi
beratkalua,berat
afdet,update
lagisekarang,lagi
drafpick,draftpick
sediri,diri
kepermainan,main
afknamun,afk
permainanmohon,main
hingg,hingga
sukses,sukses
betapa,betapa
bobroknya,jelek
battle,battle
masalahdi,masalah
responnya,respon
tower,tower
oenggunanya,pengguna
sulittapi,sulit
guper,super
beuh,beh
pisah,pisah
mc,mc
ss,ss
keganggu,ganggu
kliatan,lihat
nulis,nulis
nup,noob
jadisoalnya,jadi
hpnyabarusan,hp
fpsterus,fps
ngawurdapet,ngawur
tinggimending,tinggi
setandar,standar
benerkuat,benar
didiemin,diam
bru,baru
sedangakn,sedang
mambah,nambah
enakenak,enak
lamaa,lama
sinya,sinyal
terkorupsi,korupsi
korup,korupsi
pabrik,pabrik
mba,mba
truspercuma,terus
keluarin,keluar
doangkalau,doang
seimbanggua,imbang
moontonbahkan,bahkan
bisasaya,bisa
setresmalah,stres
cokk,cok
cerah,cerah
kitanya,kita
kelola,kelola
mulaistart,mulai
yak,ya
yaaku,aku
kukasih,kasih
inikarena,karena
anehjadi,aneh
matchnyakalau,match
kingjadi,king
yacapek,capek
moontonjadi,jadi
picknyadan,pick
akuterima,aku
kuliat,liat
layarku,layar
dlam,dalam
msih,masih
napasih,kenapa
al,al
plissss,plis
gituan,gitu
instalasi,instalasi
koutawifi,wifi
sang,sang
nyaingin,saing
downgrade,downgrade
vainglory,glory
wild,wild
rift,rift
comunity,comunity
influencer,influencer
kita—player,player
aja—buat,aja
nyampein,sampai
wfi,wifi
bete,bete
bijaksana,bijaksana
phy,physic
habis²in,habis
ketiadak,tidak
balence,balance
jadul,jadul
malahstresapa,stres
ketingalan,tinggal
mancmaking,matchmaking
garafi,grafik
peles,peles
bagu,bagus
prilaku,perilaku
noobmusuhnya,noob
jagodari,jago
lte,ltem
nuub,noob
boong,bohong
letak,letak
massa,masalah
direlog,relogin
sistemmu,sistem
kebaxakan,banyak
trian,tri
proteck,protect
hhhhh,hah
ponnya,pon
maff,maaf
ahir,akhir
jembutt,jembut
lagngebug,lag
bothnya,bot
epiclegendmaupun,epic
mytichitu,mythic
pertandingannyamakasih,tanding
sopan,sopan
komunikasi,komunikasi
matchingnya,match
citra,citra
sistemsangat,sistem
parahudah,parah
gamesangat,game
baikselalu,baik
uiai,mulai
haluan,halu
sesali,sesal
tibah,tiba
makai,maka
nyampe,sampai
gamesinyal,sinyal
sinyalnyamohon,mohon
ngelagpadahal,lag
depelover,developer
mbps,mbps
seneng²,senang
basik,basic
hit,hit
itemnya,item
seringinya,sering
bengkak,bengkak
frameleg,frame
jawhead,jawhead
merekondisikan,kondisi
terusin,terus
hive,hive
miytick,mythic
mencet,pencet
tolonv,tolong
klh,kalah
streamer,stream
putar,putar
hpjuga,hp
tsb,tersebut
fiks,fix
mohonsegeradiperbaiki,mohon
tengkurep,tengkurep
teruskadang,terus
scene,scene
tap,tap
eneg,eneg
lahkenapa,kenapa
siksa,siksa
setresbuat,stres
perbaikigw,perbaiki
turetnya,turet
pucat,pucat
maptim,map
pembenahannya,benah
brmain,main
out,out
curangkita,curang
samaml,sama
buriikkkk,burik
idupin,hidup
tekeluar,keluar
curangpemilihan,curang
randomjadi,random
aplikasinyaskill,skill
equipment,equipment
kalahkalah,kalah
berbaiki,baik
mememulai,mulai
maslah,masalah
bewarna,warna
playerr,player
seimbangmusuh,imbang
menantangsemoga,tantang
servernyalobbynya,server
ikutin,ikut
datahapus,hapus
kesalahanbug,bug
ngeluarin,keluar
duittop,duit
eventtapi,event
chemistry,chemistry
terimasakih,makasih
lompat,lompat
vietnam,vietnam
bugnyaliataja,bug
ngelegnya,lag
ngelaporin,lapor
videosaat,video
ngestack,stuck
maap,maaf
mats,map
guwe,saya
kanapa,kanapa
detect,detect
canda,canda
lelucon,lucu
dondol,dondol
donlowd,download
kukira,kira
ehhh,eh
burukkayak,buruk
lagdapet,lag
semuasistem,semua
mathmaking,matchmaking
imbangteam,imbang
gamebuat,game
perubahanevent,rubah
teruseventelittsystemsulit,sulit
jaringansetiap,jaringan
hilangkalau,hilang
kembalibegitu,kembali
seterusnyalalu,terus
rankkonyol,rank
saingin,saing
beratmatchmaking,berat
seimbangdan,imbang
disebukan,sebut
td,tadi
matchmakinguntuk,matchmaking
matchmakingnyaitu,matchmaking
ly,iya
kolok,kalau
jago,jago
bermainjadi,main
perlakukanlah,laku
inigame,ini
ginisemoga,gini
matchmakingbijak,matchmaking
kuatpasti,kuat
ginigiliran,gini
nyabijak,bijak
matchmakingkasihan,kasian
initype,tipe
bedalu,benalu
nt,nt
assist,assist
ditampilan,tampil
speaker,speaker
fairketika,fair
profile,profil
patok,patok
sesuaisetara,sesuai
pinalty,pinalty
tersbut,tersebut
ultimate,ulti
hayabusa,hayabusa
aamon,aamon
asasin,assasin
terabas,rabas
kebelakang,belakang
dikasik,kasih
amburadul,amburadul
hncur,hancur
yabg,yang
didasarkan,dasar
sayasetara,saya
kakurangan,kurang
players,player
mles,malas
modemetode,mode
sepertimenggunakan,seperti
wangi,wangi
jasa,jasa
sebagainyaagar,sebagai
gamplay,gameplay
seombang,sombang
kayu,kayu
ydan,dan
kepakesaya,pakai
dulusaya,dulu
sangatsangat,sangat
dialognya,dialog
dialog,dialog
mnnton,moonton
kon,kon
bangs,bangsat
cerna,cerna
wl,wl
ngejump,jump
macthing,macth
bentur,bentur
marahpertandinganya,marah
gunaditambah,tambah
big,besar
literasimasa,literasi
udahngasih,sudah
ngasaan,asal
etim,tim
penduduk,duduk
dikwalitas,kualitas
laghilangdapet,lag
damagenya,damage
betulkan,betul
masalahmasalahnya,masalah
onlinenya,online
exe,exe
clock,clock
destny,dest
winter,winter
blood,blood
chase,chase
dimna,dimana
tabung,tabung
comander,comander
tawar,tawar
diper,per
smartphone,hp
memory,memori
kotakkotak,kotak
bareng,bareng
mlu,mulu
ulur,ulur
wee,we
yaang,yang
dibagus,bagus
basick,basic
phoveus,phoveus
special,special
collector,collector
rankn,rank
tertinggal,tinggal
lamaan,lama
trusss,terus
beginiiiiiiii,gini
lifesteal,lifestyle
lategame,lategame
oasis,oasis
cancel,cancel
diggie,diggie
diusahakan,usaha
perbaikisaya,perbaiki
laaahh,lah
matchmakingnyaa,matchmaking
dicariin,cari
lawantim,lawan
sepadann,sepadan
statistiktier,statistik
masaiya,masa
diatasinskin,skin
sistemnyaa,sistem
eventevent,event
lainlaindark,lain
mainsedangkan,main
kemarinkadang,kemarin
mulukalo,mulu
simple,simple
moontonbug,bug
framedrop,frame
moontonpadahal,padahal
infinix,infinix
moontongamingdan,game
moontonkalo,moonton
framedroptolong,frame
jugakalau,kalau
jugasaya,saya
batleroyal,batleroyale
ajatolong,tolong
nyasekian,sekian
blgnya,bilang
salma,sama
kuldown,cooldown
developersaya,developer
sendirisolo,solo
developersetelah,developer
mytikkok,mythic
bisadan,bisa
pesankasih,pesan
pnjoki,joki
bekutidak,tidak
digerakan,gerak
gamebuang,game
njirsusah,susah
home,home
bagushijau,bagus
pikirin,pikir
silahkan,silahkan
ytb,youtube
kalahdan,kalah
menangsungguh,menang
inikita,ini
bersungguhsungguh,sungguh
diperbaikisemoga,perbaiki
keterampilan,tampil
infrastruktur,infrastruktur
balancing,balance
sbnrny,benar
laahhhh,lah
sesuain,sesuai
wawww,waw
kerennn,keren
wajib,wajib
mkan,makan
bsa,bisa
mainngetrolldark,troll
chest,chees
terindikasi,indikasi
dipertengahan,tengah
sinerginya,sinergi
overweak,overweak
lagnyaudah,lag
benerbener,benar
loot,loot
box,box
paytowin,paytowin
ngejaganya,jaga
perjuanganya,juang
bar,bar
disayang,sayang
raup,raup
bermainan,main
todtotcokdekblok,cok
falam,salam
makian,maki
fan,fan
sangksi,sanksi
rupa,rupa
paok,paok
terhormatgame,hormat
losetrak,losestreak
sanding,sanding
timjika,tim
dahmakin,makin
dibes,bagus
ktika,ketika
sahari,hari
semalem,malam
mulumonton,mulu
bintngnya,bintang
bugbanyak,bug
seimbangmana,imbang
terberatsignal,berat
merahadmint,merah
peran,peran
siapa²,siapa
kangame,game
skinsori,skin
musuhtim,musuh
devploper,developer
oprator,operator
menyenangakan,senang
ngancurin,hancur
masaniya,masa
kirakira,kira
ekosistem,ekosistem
kombo,kombo
commander,command
dinerf,nerf
buss,buss
tharz,tharz
dibukaupdate,buka
tambak,tambah
masalahudah,masalah
bisaudah,bisa
ristar,restart
bisatolong,tolong
munculmakin,muncul
hariwajib,hari
hilanglag,hilang
jelasni,jelas
lagitolong,tolong
seimbanggmain,imbang
aspek,aspek
feedingskill,feed
thn,tahun
begroun,background
berserta,serta
ilangkaya,hilang
jauhin,jauh
jls²,jelas
kdng,kadang
ngambek,marah
skrang,sekarang
erorin,error
lambatin,lambat
klihatan,lihat
track,track
fnmskn,masuk
sbgai,sebagai
ancurr,hancur
aplokasi,apk
lawandan,lawan
lawansaya,lawan
ara,ara
nyaagar,agar
playerplayer,player
sepenuhnya,penuh
dikitmatchmaching,matchmaking
gwmohon,mohon
drapick,draftpick
rolle,role
plyar,player
benarkan,benar
drapicknya,draftpick
playerkarena,player
dropdan,drop
lagimasalah,lagi
nglaqdlm,lag
bagusbenahin,bagus
optimalisasi,optimal
diperbaikidiminimalisir,perbaiki
ngedratf,draft
surender,surend
rusakkkkkkk,rusak
sendirikeluh,sendiri
gratiss,gratis
indo,indonesia
sekrang,sekarang
besarbesaran,besar
develover,developer
lawas,lawas
losestreakmvp,losestreak
gj,gajelas
brengsek,brengsek
mumpung,mumpung
streek,streak
dart,dart
hirau,hirau
diatasin,atas
negatif,negatif
apasi,apa
pentingkan,penting
gamers,player
sky,sky
piecer,piece
dps,fps
change,change
attack,attack
fighter,fight
belit,built
perarturannya,aturan
komendasikan,rekomen
sudahh,sudah
vidio,video
munduragar,mundur
merekabanyak,mereka
majapahittidak,majapahit
sayakalian,saya
bacotin,bacot
bangbangpercuma,cuma
colector,kolektor
menghendel,handel
indosaya,indonesia
hukumn,hukum
dikalah,kalah
grade,grade
bagusgrafiknya,grafik
bugcontoh,bug
lagsemoga,lag
teroos,terus
bdo,bodoh
banget༼´༎ຶ,banget
streaks,streak
alesan,alasan
punggung,punggung
mactmaking,matchmaking
anime,anime
tingkatin,tingkat
krisis,krisis
kmatch,match
ngetrollsistem,troll
pou,pou
daru,baru
coma,coma
management,management
resources,resource
menyedihkannya,sedih
sebelumya,belum
stabilitas,stabil
sinkronisasi,sinkron
adildark,adil
systembaru,sistem
jelass,jelas
hilangg,hilang
nyobain,coba
suppor,support
cih,cih
kiasan,kias
palsu,palsu
framenya,frame
samsek,sama
gban,ban
beresiko,resiko
ajaudah,aja
padhal,padahal
bisabtw,bisa
temenkuakhirnya,temen
fieldnyq,field
bolot,bolot
ngoceh,ngomong
iphone,iphone
digit,digit
jelasmasa,jelas
udahnya,udah
solosekali,solo
hokpercuma,hok
kemajuanlu,maju
mainbenerin,main
tuhdeteksi,deteksi
kentangngefram,kentang
gametolong,tolong
sesuaikanbiar,sesuai
apagw,apa
ampundan,ampun
miripmirip,mirip
mainmain,main
fresh,fresh
seriusmenangin,serius
usia,usia
honorer,honor
sibuk,sibuk
ngerevamp,revamp
mng,menang
fiture,fitur
imbangkan,imbang
minimalisirkan,minimal
sejagat,jagat
raya,raya
musunya,musuh
penjokidan,joki
tersebutkalau,tersebut
reconnect,reconnect
entar,nanti
burukjadi,buruk
bintangnyasoalnya,bintang
mintak,minta
nauzubillahiminzalik,nauzubillahiminzalik
darigrafik,grafik
sistemsemenjak,sejak
tmen,teman
ranknyh,rank
santun,santun
delaylag,delay
internetnya,internet
dicek,cek
pendeteksi,deteksi
dorong,dorong
dikirain,kirain
mulupaket,mulu
awalcapek,awal
nyaudh,sudah
dpat,dapat
kridit,kredit
susahtolong,susah
montonjgn,jangan
montoncoba,coba
agr,agar
nimpa,timpa
jual,jual
patesan,pantas
maun,mau
lamatapi,lama
pack,pack
gamepertama,game
normalloading,normal
masuh,masuh
normaltapi,normal
aslhasil,hasil
kebali,kebal
alhamdullilah,alhamdullilah
menginstal,install
hr,hr
tumbal,tumbal
pesen,pesan
mobilegends,mlbb
kuotaku,kuota
bisabisaaku,bisa
inisemoga,semoga
dibenerinitu,benar
akuhai,aku
lagiternyata,lagi
sedikityah,dikit
lengend,legend
diupdate,update
ngelegaku,lega
dibase,base
teruslain,terus
mytch,mythic
honornya,honor
usernameku,username
kezii,kezi
montonnn,moonton
gwe,saya
logi,login
ngehargain,hargai
bagusperbaiki,perbaiki
sebelahstress,sebelah
playermenang,player
kalikalahnya,kali
begituintinya,gitu
perketat,ketat
nyakalau,kalau
keterlaluantidak,terlalu
gratissystem,gratis
pemaen,player
overs,over
seasoan,season
asw,anjing
ruwet,ribet
nggarai,buat
ae,ae
cuk,cok
komtol,kntl
ahkirnya,akhir
adilin,adil
ngertiin,ngerti
kubilang,bilang
gameplayku,gameplay
jalinya,jadi
peduki,peduli
jagosaya,jago
terbebani,beban
makingnyakalau,making
selamqla,selam
ngefreezapa,freeze
bangetkayak,banget
freez,freeze
iniiibener,benar
pertandinganmending,tanding
manajemen,manajement
penggunauser,user
myritch,mythic
anjeng,anjing
bobrok,bodoh
reply,reply
kreator,kreator
jernih,jernih
thun,tahun
usul,usul
monyet,monyet
seleksi,seleksi
gadil,gaadil
ketumu,ketemu
anehlosetrik,aneh
selubung,selubung
nyitak,nyita
bkin,bikin
dicampurin,campur
dibalikin,balik
mythiclegend,mythic
sparing,sparing
bagusgrafik,bagus
awalawal,awal
ampasbikin,bikin
mulucape,capek
menyepadankan,sepadan
merekondisi,kondisi
bertahaptahap,tahap
pingsinyal,sinyal
feforma,performa
jamin,jamin
skalipun,sekali
sketika,ketika
unsintal,uninstall
bangettt,banget
berhasil,hasil
diminatikalau,minat
ratebintang,rate
akanku,akan
record,record
nanty,nanti
kelogout,logout
ngegift,gift
ngegacha,gacha
megic,magic
wheel,wheel
afinitas,afinitas
temenku,temen
beramasalah,masalah
upadate,update
undang,undang
myhtik,mythic
beuhhhh,beh
sebelahbtw,sebelah
hehedisitu,situ
andai,andai
mangkanya,maka
penyusean,susun
gamanya,game
dram,frame
darks,dark
pemaingua,player
moontongak,tidak
sendirikalah,sendiri
tmn,teman
prnh,pernah
kenyaman,nyaman
udalah,sudah
keatas,atas
see,see
hate,hate
diul,diul
ing,ing
bagusbelum,bagus
adildimana,adil
berferforma,performa
inikotol,kntl
uninstaludah,uninstall
hape,hp
lancardiawal,lancar
kuningsampe,kuning
gerakmasa,gerak
ranksampah,rank
dimaininpermasalahan,main
chees,cheater
banyakpenindakan,banyak
adaklo,ada
ulangi,ulang
ulangmati,mati
apke,apk
oke²,oke
pkek,pakai
lagiii,lagi
kocakkk,kocak
gratistapi,gratis
adilrebutan,adil
mmjungler,jungler
nyerah,serah
hot,hot
lagbanyak,lag
mendpatkan,dapat
dibanyakin,banyak
niak,naik
jagoooooo,jago
matcmatingnya,matchmaking
singgung,singgung
karnakan,karena
sinyalkoneksi,sinyal
suri,suri
link,link
acakacakan,acak
namanama,nama
sejati,sejati
perbaikiping,perbaiki
terusmau,terus
menghubukan,hubung
gedein,gede
denger,dengar
perna,pernah
slaluh,selalu
mobillegendlebih,mlbb
nyakarena,karena
rusakjeleksinyal,rusak
lagjaringan,lag
jugams,juga
lainyg,lain
draksystemngasih,darksistem
ngotakgk,otak
kamilawan,lawan
oper,oper
ig,ig
tersu,tersu
ngadet,update
th,tahun
sitem,sistem
raport,report
fungsinyalcoba,fungsi
jerahjgn,jera
tkut,takut
spi,spi
dampak,dampak
memencet,pencet
jess,jess
limit,limit
njiplak,jiplak
pr,pr
cuy,cuy
terlaru,lalu
timmusuhrank,musuh
saudara,saudara
ngabis²in,habis
thoulol,tolol
nimakin,makin
updatemakin,update
bahsistem,sistem
jelasmendingan,jelas
sebelumnyasebelum,belum
inimasih,masih
enakan,enak
saingankalau,saing
ramaikan,ramai
aslitolong,asli
bjirrr,anjir
errorhadehhh,error
fairplay,fairplay
percumatambahan,cuma
moontonfeedback,feedback
formalitas,formal
mengalahsebelumnya,kalah
musih,musik
renknya,rank
fakta,fakta
noted,noted
wkwkw,wkwk
gartis,gratis
ngatain,kata
goblog,bodoh
beserta,serta
idiot,idiot
nyusain,susah
sengsara,sengsara
menganti,ganti
sepeleh,sepele
perdinga,match
keberuntungan,untung
andal,handal
salahin,salah
diuntungkan,untung
diberitahu,tahu
bagutapi,bagus
lagisinya,lag
adilkenapa,adil
sesalu,selalu
kamidan,kami
kamitolong,tolong
duosetelah,setelah
rolepercuma,role
playersatu,player
sembarangan,sembarang
ujung²nya,ujung
laning,lane
ahirnya,akhir
setkut,takut
maenny,main
labilbot,bot
beratlag,berat
mind,mind
perlancar,lancar
permasalahkan,masalah
inihampir,hampir
kmenangan,menang
nyadark,dark
lahapa,apa
kecewabermain,kecewa
ngefram,frame
ngerelog,relogin
kebaca,baca
kumohon,mohon
masalahdisaat,masalah
start,start
kuranginajukan,kurang
jembut,jembut
direbonding,bonding
thai,thai
ngefek,efek
tumburan,tumbuk
kebisaan,bisa
pulih,pulih
reportafk,report
collectortetapi,kolektor
matchmakinya,matchmaking
berantakanmaka,berantakan
gratisjika,gratis
inisekian,ini
nyasetiap,setiap
trioduosolo,trio
afkini,afk
ajagame,game
ningkat,tingkat
beniat,niat
ditempat,tempat
clasicc,klasik
skore,score
sebelumyatapi,belum
baikatau,baik
control,kontrol
adv,iklan
dicampuryang,campur
lumayankan,lumayan
teamnyaini,tim
teamsadar,sadar
saudarasaudari,saudara
montonbisa,bisa
gakkalo,kalau
ajadisitu,situ
pemerataan,rata
produkmu,produk
montonbanyak,banyak
legkalo,lag
terusdan,terus
project,project
mines,minus
sajakeluar,saja
matisendirian,mati
lagidan,lagi
bacadan,baca
kunjung,kunjung
packet,pocket
groper,groper
hikmah,hikmah
proplayer,proplayer
bintangrank,bintang
siyu,siyu
definisi,definisi
refreshing,refresh
nuntuk,untuk
timapalagi,tim
lempar,lempar
eeeh,eh
mebaik,baik
trutama,utama
solomohon,solo
sudut,sudut
pandang,pandang
youtuber,youtuber
visual,visual
tampilin,tampil
kehiburan,hibur
mutiara,mutiara
rusakkk,rusak
nyogok,sogok
banyakkk,banyak
hokitu,hoki
lag²,lag
brokenpercuma,broken
ginigw,gini
jelektapi,jelek
nyakocak²,kocak
pekan,pekan
fanny,fanny
mananya,mana
mereview,review
kikiran,kikir
menunjukan,tunjuk
second,second
account,account
pasif,pasif
benedetta,benedetta
hold,hold
sword,sword
intent,intent
bootmemang,bot
imbangi,imbang
kecewamasa,kecewa
rb,ribu
koneksiku,koneksi
laris,laris
cewe,cewek
turuin,tiru
sono,sana
ngedelay,delay
darahsetres,stres
dust,dust
blm,belum
tatapi,tatap
kurwng,kurang
epikjadi,epic
pertandingankasian,tanding
mingguan,minggu
ver,ver
dipisahin,pisah
bangget,banget
njumpa,jumpa
inggin,ingin
delapan,delapan
sepuluh,puluh
matchmakingnnya,matchmaking
kesan,kesan
systm,sistem
nggk,tidak
sindir,sindir
introveksi,introspeksi
ngoreksi,koreksi
masukanpendapat,masuk
bkl,bakal
cess,chees
ngebut,kebut
menyambungkembali,sambung
bugterkadang,bug
diarahkanngk,arah
bagusterkadang,bagus
sita,sita
layan,layan
belanja,belanja
nmax,nmax
bejubel,banyak
ninggalin,ninggal
spamming,spam
iklan,iklan
systen,sistem
awak,awak
thars,makasih
ronde,ronde
londing,loading
tolang,tolong
recomended,rekomen
idup,hidup
merahpas,merah
bagusyg,bagus
musuhtolong,musuh
momennya,momen
kerekam,rekam
ngoding,coding
attitude,loading
kesaldark,kesal
lika,lika
liku,liku
reporting,report
toxicdan,toxic
simpang,simpang
aslisemoga,asli
mayhem,mayhem
heacer,heacer
lagkin,lag
ngecit,chees
lahhh,lah
thaiii,tai
phantek,pantek
maksakan,paksa
lene,lane
ancam,ancam
mengetrol,troll
karenaaku,karena
nyn,tanya
sayaa,saya
dipermudahkan,mudah
scrol,scroll
wa,whatsapp
apalagii,apalagi
fucekkkk,fuck
lanenya,lane
junglerassasins,jungler
tanksupport,support
prediksi,prediksi
batalin,batal
tanda,tanda
mundung,mundung
defoloper,developer
tandai,tanda
yapi,tapi
desinnya,design
amiin,amin
buang²,buang
connection,connect
pantas,jelas
sistim,sistem
trimakadih,makasih
ngestuk,stuck
afkpadahal,afk
moton,moonton
ranksekian,rank
berulangulang,ulang
didunia,dunia
diberita,berita
lancarlancar,lancar
custemer,customer
nubsehingga,noob
nanggung,tanggung
seharimenangnya,menang
keduaeffect,efek
perhero,hero
simpel,simpel
effeknya,efek
manja,manja
mytck,mythic
myticmonton,mythic
siii,si
onmic,onmic
koordinir,koordinir
senang²,senang
mks,makasih
